,,,,,,,,,B&C-I,,,,,,,,,,,
id,|I|,K,r,R,theta,low p_i (%),#C1,#CP,T,N,Gap(%),RGap(%),Obj,UB,nCL,mCL,#Cut,#MaxSM,#EOA,#LS
1-1-20-0.01-10,100,5,1,20,0.01,10,102,76,0.0,0,0.0,0.0,10.853588,10.854,0,1,237,109,120,8
1-1-20-0.01-50,100,5,1,20,0.01,50,102,76,0.0,0,0.0,0.0,9.948369,9.948,0,1,236,109,113,14
1-1-20-0.01-90,100,5,1,20,0.01,90,102,76,0.1,0,0.0,0.0,7.546881,7.547,0,1,215,109,106,0
1-1-20-0.1-10,100,5,1,20,0.1,10,102,76,0.0,0,0.0,0.0,10.853588,10.854,0,1,235,109,116,10
1-1-20-0.1-50,100,5,1,20,0.1,50,102,76,0.0,0,0.0,0.0,9.948369,9.948,0,1,232,109,113,10
1-1-20-0.1-90,100,5,1,20,0.1,90,102,76,0.0,0,0.0,0.0,7.546881,7.547,0,1,215,109,106,0
1-1-20-0.2-10,100,5,1,20,0.2,10,102,76,0.0,0,0.0,0.0,10.853588,10.854,0,1,235,109,116,10
1-1-20-0.2-50,100,5,1,20,0.2,50,102,76,0.0,0,0.0,0.0,9.948369,9.948,0,1,238,113,115,10
1-1-20-0.2-90,100,5,1,20,0.2,90,102,76,0.0,0,0.0,0.0,7.546881,7.547,0,1,215,109,106,0
1-2-20-0.01-10,100,5,2,20,0.01,10,106,72,0.0,0,0.0,0.0,11.481454,11.481,0,1,235,107,114,14
1-2-20-0.01-50,100,5,2,20,0.01,50,106,72,0.0,0,0.0,0.0,10.488257,10.488,0,1,232,107,111,14
1-2-20-0.01-90,100,5,2,20,0.01,90,106,72,0.0,0,0.0,0.0,9.280801,9.281,0,1,213,107,106,0
1-2-20-0.1-10,100,5,2,20,0.1,10,106,72,0.0,0,0.0,0.0,11.481454,11.481,0,1,231,107,114,10
1-2-20-0.1-50,100,5,2,20,0.1,50,106,72,0.0,0,0.0,0.0,10.488257,10.488,0,1,238,111,113,14
1-2-20-0.1-90,100,5,2,20,0.1,90,106,72,0.0,0,0.0,0.0,9.280801,9.281,0,1,213,107,106,0
1-2-20-0.2-10,100,5,2,20,0.2,10,106,72,0.0,0,0.0,0.0,11.481454,11.481,0,1,236,110,116,10
1-2-20-0.2-50,100,5,2,20,0.2,50,106,72,0.0,0,0.0,0.0,10.488257,10.488,0,1,238,111,113,14
1-2-20-0.2-90,100,5,2,20,0.2,90,106,72,0.0,0,0.0,0.0,9.280801,9.281,0,1,213,107,106,0
2-1-20-0.01-10,100,10,1,20,0.01,10,106,94,0.0,0,0.0,0.0,19.956248,19.956,0,1,272,119,121,32
2-1-20-0.01-50,100,10,1,20,0.01,50,106,94,0.0,0,0.0,0.0,18.883003,18.883,0,1,252,118,120,14
2-1-20-0.01-90,100,10,1,20,0.01,90,106,94,0.0,0,0.0,0.0,15.526187,15.526,0,1,231,117,110,4
2-1-20-0.1-10,100,10,1,20,0.1,10,106,94,0.0,0,0.0,0.0,19.942214,19.942,0,1,269,120,121,28
2-1-20-0.1-50,100,10,1,20,0.1,50,106,94,0.0,0,0.0,0.0,18.883003,18.883,0,1,250,117,121,12
2-1-20-0.1-90,100,10,1,20,0.1,90,106,94,0.0,0,0.0,0.0,15.526187,15.526,0,1,232,118,110,4
2-1-20-0.2-10,100,10,1,20,0.2,10,106,94,0.0,0,0.0,0.0,19.926620,19.927,0,1,281,125,126,30
2-1-20-0.2-50,100,10,1,20,0.2,50,106,94,0.0,0,0.0,0.0,18.883003,18.883,0,1,251,117,120,14
2-1-20-0.2-90,100,10,1,20,0.2,90,106,94,0.0,0,0.0,0.0,15.526187,15.526,0,1,237,123,110,4
2-2-20-0.01-10,100,10,2,20,0.01,10,112,88,0.0,0,0.0,0.0,21.209998,21.210,0,1,282,116,124,42
2-2-20-0.01-50,100,10,2,20,0.01,50,112,88,0.0,0,0.0,0.0,20.606536,20.607,0,1,250,118,118,14
2-2-20-0.01-90,100,10,2,20,0.01,90,112,88,0.0,0,0.0,0.0,18.048164,18.048,0,1,235,116,107,12
2-2-20-0.1-10,100,10,2,20,0.1,10,112,88,0.0,0,0.0,0.0,21.195964,21.196,0,1,276,116,122,38
2-2-20-0.1-50,100,10,2,20,0.1,50,112,88,0.0,0,0.0,0.0,20.605933,20.606,0,1,250,118,118,14
2-2-20-0.1-90,100,10,2,20,0.1,90,112,88,0.0,0,0.0,0.0,18.047561,18.048,0,1,235,116,107,12
2-2-20-0.2-10,100,10,2,20,0.2,10,112,88,0.0,0,0.0,0.0,21.180370,21.180,0,1,274,119,125,30
2-2-20-0.2-50,100,10,2,20,0.2,50,112,88,0.0,0,0.0,0.0,20.605263,20.605,0,1,250,118,118,14
2-2-20-0.2-90,100,10,2,20,0.2,90,112,88,0.0,0,0.0,0.0,18.046891,18.047,0,1,235,116,107,12
3-1-20-0.01-10,100,10,1,20,0.01,10,106,110,0.1,6,0.0,0.1,20.361343,20.361,0,1,394,147,135,112
3-1-20-0.01-50,100,10,1,20,0.01,50,106,110,0.1,2,0.0,0.0,19.559084,19.559,0,1,339,131,134,74
3-1-20-0.01-90,100,10,1,20,0.01,90,106,110,0.1,35,0.0,1.2,15.797506,15.798,0,1,326,129,127,70
3-1-20-0.1-10,100,10,1,20,0.1,10,106,110,0.1,3,0.0,0.0,20.277490,20.277,0,1,367,142,131,94
3-1-20-0.1-50,100,10,1,20,0.1,50,106,110,0.0,0,0.0,0.0,19.477153,19.477,0,1,315,128,123,64
3-1-20-0.1-90,100,10,1,20,0.1,90,106,110,0.1,16,0.0,0.4,15.730804,15.731,0,1,318,121,127,70
3-1-20-0.2-10,100,10,1,20,0.2,10,106,110,0.0,0,0.0,0.0,20.184319,20.184,0,1,333,132,131,70
3-1-20-0.2-50,100,10,1,20,0.2,50,106,110,0.0,0,0.0,0.0,19.386118,19.386,0,1,326,130,122,74
3-1-20-0.2-90,100,10,1,20,0.2,90,106,110,0.0,0,0.0,0.0,15.656690,15.657,0,1,305,130,123,52
3-2-20-0.01-10,100,10,2,20,0.01,10,106,110,0.1,6,0.0,0.1,20.361343,20.361,0,1,394,147,135,112
3-2-20-0.01-50,100,10,2,20,0.01,50,106,110,0.1,2,0.0,0.0,19.559084,19.559,0,1,339,131,134,74
3-2-20-0.01-90,100,10,2,20,0.01,90,106,110,0.1,35,0.0,1.2,15.797506,15.798,0,1,326,129,127,70
3-2-20-0.1-10,100,10,2,20,0.1,10,106,110,0.1,3,0.0,0.0,20.277490,20.277,0,1,367,142,131,94
3-2-20-0.1-50,100,10,2,20,0.1,50,106,110,0.0,0,0.0,0.0,19.477153,19.477,0,1,315,128,123,64
3-2-20-0.1-90,100,10,2,20,0.1,90,106,110,0.1,16,0.0,0.4,15.730804,15.731,0,1,318,121,127,70
3-2-20-0.2-10,100,10,2,20,0.2,10,106,110,0.0,0,0.0,0.0,20.184319,20.184,0,1,333,132,131,70
3-2-20-0.2-50,100,10,2,20,0.2,50,106,110,0.1,0,0.0,0.0,19.386118,19.386,0,1,326,130,122,74
3-2-20-0.2-90,100,10,2,20,0.2,90,106,110,0.1,0,0.0,0.0,15.656690,15.657,0,1,305,130,123,52
4-1-20-0.01-10,100,20,1,20,0.01,10,100,62,0.0,0,0.0,0.0,28.541521,28.542,0,1,313,127,126,60
4-1-20-0.01-50,100,20,1,20,0.01,50,100,62,0.0,0,0.0,0.0,26.707726,26.708,0,1,305,131,124,50
4-1-20-0.01-90,100,20,1,20,0.01,90,100,62,0.0,2,0.0,0.0,21.904803,21.905,0,1,273,128,107,38
4-1-20-0.1-10,100,20,1,20,0.1,10,100,62,0.0,0,0.0,0.0,28.505736,28.506,0,1,290,126,126,38
4-1-20-0.1-50,100,20,1,20,0.1,50,100,62,0.0,0,0.0,0.0,26.690067,26.690,0,1,298,131,123,44
4-1-20-0.1-90,100,20,1,20,0.1,90,100,62,0.0,2,0.0,0.0,21.903894,21.904,0,1,277,128,107,42
4-1-20-0.2-10,100,20,1,20,0.2,10,100,62,0.0,0,0.0,0.0,28.465974,28.466,0,1,290,126,126,38
4-1-20-0.2-50,100,20,1,20,0.2,50,100,62,0.0,0,0.0,0.0,26.670447,26.670,0,1,294,129,123,42
4-1-20-0.2-90,100,20,1,20,0.2,90,100,62,0.0,3,0.0,0.0,21.902884,21.903,0,1,259,126,107,26
4-2-20-0.01-10,100,20,2,20,0.01,10,100,62,0.0,0,0.0,0.0,28.541521,28.542,0,1,313,127,126,60
4-2-20-0.01-50,100,20,2,20,0.01,50,100,62,0.0,0,0.0,0.0,26.707726,26.708,0,1,305,131,124,50
4-2-20-0.01-90,100,20,2,20,0.01,90,100,62,0.0,2,0.0,0.0,21.904803,21.905,0,1,273,128,107,38
4-2-20-0.1-10,100,20,2,20,0.1,10,100,62,0.0,0,0.0,0.0,28.505736,28.506,0,1,290,126,126,38
4-2-20-0.1-50,100,20,2,20,0.1,50,100,62,0.0,0,0.0,0.0,26.690067,26.690,0,1,298,131,123,44
4-2-20-0.1-90,100,20,2,20,0.1,90,100,62,0.0,2,0.0,0.0,21.903894,21.904,0,1,277,128,107,42
4-2-20-0.2-10,100,20,2,20,0.2,10,100,62,0.0,0,0.0,0.0,28.465974,28.466,0,1,290,126,126,38
4-2-20-0.2-50,100,20,2,20,0.2,50,100,62,0.0,0,0.0,0.0,26.670447,26.670,0,1,294,129,123,42
4-2-20-0.2-90,100,20,2,20,0.2,90,100,62,0.0,3,0.0,0.0,21.902884,21.903,0,1,259,126,107,26
5-1-20-0.01-10,100,33,1,20,0.01,10,104,140,0.1,41,0.0,0.5,49.971058,49.971,0,1,550,184,154,212
5-1-20-0.01-50,100,33,1,20,0.01,50,104,140,0.1,13,0.0,0.1,48.768597,48.769,0,1,396,152,140,104
5-1-20-0.01-90,100,33,1,20,0.01,90,104,140,1.2,984,0.0,0.0,38.222377,38.222,0,1,387,141,110,136
5-1-20-0.1-10,100,33,1,20,0.1,10,104,140,0.1,40,0.0,0.4,49.753050,49.753,0,1,481,167,138,176
5-1-20-0.1-50,100,33,1,20,0.1,50,104,140,0.0,3,0.0,0.0,48.670604,48.671,0,1,348,140,132,76
5-1-20-0.1-90,100,33,1,20,0.1,90,104,140,6.0,10761,0.0,0.0,38.201361,38.201,0,1,401,147,118,136
5-1-20-0.2-10,100,33,1,20,0.2,10,104,140,0.1,23,0.0,0.2,49.573904,49.574,0,1,470,157,141,172
5-1-20-0.2-50,100,33,1,20,0.2,50,104,140,0.8,973,0.0,0.0,48.585291,48.585,0,1,348,144,138,66
5-1-20-0.2-90,100,33,1,20,0.2,90,104,140,TL,7493698,0.0,0.0,38.178011,38.178,0,1,401,144,111,146
5-2-20-0.01-10,100,33,2,20,0.01,10,110,134,0.1,14,0.0,0.3,51.385473,51.385,0,1,514,176,150,188
5-2-20-0.01-50,100,33,2,20,0.01,50,110,134,0.0,0,0.0,0.0,50.183013,50.183,0,1,358,139,133,86
5-2-20-0.01-90,100,33,2,20,0.01,90,110,134,0.1,12,0.0,0.0,40.423954,40.424,0,1,370,141,107,122
5-2-20-0.1-10,100,33,2,20,0.1,10,110,134,0.1,23,0.0,0.2,51.198736,51.199,0,1,478,162,146,170
5-2-20-0.1-50,100,33,2,20,0.1,50,110,134,0.0,0,0.0,0.0,50.116290,50.116,0,1,356,138,132,86
5-2-20-0.1-90,100,33,2,20,0.1,90,110,134,0.1,14,0.0,0.0,40.403967,40.404,0,1,368,142,108,118
5-2-20-0.2-10,100,33,2,20,0.2,10,110,134,0.1,16,0.0,0.1,51.054335,51.054,0,1,479,158,145,176
5-2-20-0.2-50,100,33,2,20,0.2,50,110,134,0.0,0,0.0,0.0,50.065721,50.066,0,1,331,132,135,64
5-2-20-0.2-90,100,33,2,20,0.2,90,110,134,0.1,11,0.0,0.0,40.381758,40.382,0,1,368,142,108,118
6-1-20-0.01-10,200,5,1,20,0.01,10,220,506,0.0,0,0.0,0.0,22.456362,22.456,0,1,540,237,237,66
6-1-20-0.01-50,200,5,1,20,0.01,50,220,506,0.0,0,0.0,0.0,20.400251,20.400,0,1,549,234,237,78
6-1-20-0.01-90,200,5,1,20,0.01,90,220,506,0.1,0,0.0,0.0,16.800677,16.801,0,1,554,232,244,78
6-1-20-0.1-10,200,5,1,20,0.1,10,220,506,0.0,0,0.0,0.0,22.456362,22.456,0,1,540,237,237,66
6-1-20-0.1-50,200,5,1,20,0.1,50,220,506,0.0,0,0.0,0.0,20.400251,20.400,0,1,545,231,236,78
6-1-20-0.1-90,200,5,1,20,0.1,90,220,506,0.1,0,0.0,0.0,16.776032,16.776,0,1,548,230,244,74
6-1-20-0.2-10,200,5,1,20,0.2,10,220,506,0.0,0,0.0,0.0,22.456362,22.456,0,1,547,246,241,60
6-1-20-0.2-50,200,5,1,20,0.2,50,220,506,0.0,0,0.0,0.0,20.400251,20.400,0,1,528,231,237,60
6-1-20-0.2-90,200,5,1,20,0.2,90,220,506,0.0,0,0.0,0.0,16.748648,16.749,0,1,508,229,251,28
6-2-20-0.01-10,200,5,2,20,0.01,10,238,488,0.0,0,0.0,0.0,24.120613,24.121,0,1,526,234,238,54
6-2-20-0.01-50,200,5,2,20,0.01,50,238,488,0.0,0,0.0,0.0,22.301665,22.302,0,1,555,229,234,92
6-2-20-0.01-90,200,5,2,20,0.01,90,238,488,0.0,0,0.0,0.0,18.330722,18.331,0,1,496,225,247,24
6-2-20-0.1-10,200,5,2,20,0.1,10,238,488,0.0,0,0.0,0.0,24.120613,24.121,0,1,567,243,244,80
6-2-20-0.1-50,200,5,2,20,0.1,50,238,488,0.0,0,0.0,0.0,22.301665,22.302,0,1,521,227,234,60
6-2-20-0.1-90,200,5,2,20,0.1,90,238,488,0.0,0,0.0,0.0,18.330722,18.331,0,1,486,222,240,24
6-2-20-0.2-10,200,5,2,20,0.2,10,238,488,0.0,0,0.0,0.0,24.120613,24.121,0,1,557,243,246,68
6-2-20-0.2-50,200,5,2,20,0.2,50,238,488,0.0,0,0.0,0.0,22.301665,22.302,0,1,516,222,242,52
6-2-20-0.2-90,200,5,2,20,0.2,90,238,488,0.0,0,0.0,0.0,18.330722,18.331,0,1,462,222,240,0
7-1-20-0.01-10,200,10,1,20,0.01,10,212,672,0.3,19,0.0,0.9,40.165403,40.165,0,1,1234,381,391,462
7-1-20-0.01-50,200,10,1,20,0.01,50,212,672,0.1,8,0.0,0.1,39.681553,39.682,0,1,778,280,286,212
7-1-20-0.01-90,200,10,1,20,0.01,90,212,672,0.1,0,0.0,0.0,31.708417,31.708,2,3,669,256,267,146
7-1-20-0.1-10,200,10,1,20,0.1,10,212,672,0.3,19,0.0,0.8,39.794644,39.795,0,1,1166,354,344,468
7-1-20-0.1-50,200,10,1,20,0.1,50,212,672,0.1,5,0.0,0.0,39.341305,39.341,0,1,776,280,276,220
7-1-20-0.1-90,200,10,1,20,0.1,90,212,672,0.1,0,0.0,0.0,31.018798,31.019,2,2,553,229,248,76
7-1-20-0.2-10,200,10,1,20,0.2,10,212,672,0.3,13,0.0,0.6,39.382690,39.383,0,1,1047,334,305,408
7-1-20-0.2-50,200,10,1,20,0.2,50,212,672,0.1,0,0.0,0.0,38.963251,38.963,0,1,679,275,276,128
7-1-20-0.2-90,200,10,1,20,0.2,90,212,672,0.1,4,0.0,0.0,30.404072,30.404,1,2,623,247,260,116
7-2-20-0.01-10,200,10,2,20,0.01,10,220,664,0.3,36,0.0,1.1,40.864802,40.865,0,1,1141,374,325,442
7-2-20-0.01-50,200,10,2,20,0.01,50,220,664,0.1,5,0.0,0.0,40.678965,40.679,0,1,763,281,278,204
7-2-20-0.01-90,200,10,2,20,0.01,90,220,664,0.1,0,0.0,0.0,32.134662,32.135,2,2,601,241,250,110
7-2-20-0.1-10,200,10,2,20,0.1,10,220,664,0.3,30,0.0,1.1,40.500434,40.500,0,1,1086,358,338,390
7-2-20-0.1-50,200,10,2,20,0.1,50,220,664,0.1,0,0.0,0.0,40.355207,40.355,0,1,723,273,282,168
7-2-20-0.1-90,200,10,2,20,0.1,90,220,664,0.1,0,0.0,0.0,31.601110,31.601,2,2,570,233,241,96
7-2-20-0.2-10,200,10,2,20,0.2,10,220,664,0.3,25,0.0,0.9,40.153967,40.154,0,1,1049,349,314,386
7-2-20-0.2-50,200,10,2,20,0.2,50,220,664,0.0,0,0.0,0.0,39.995476,39.995,0,1,671,271,266,134
7-2-20-0.2-90,200,10,2,20,0.2,90,220,664,0.1,0,0.0,0.0,31.082156,31.082,1,2,729,260,281,188
8-1-20-0.01-10,200,20,1,20,0.01,10,208,488,0.1,2,0.0,0.0,58.599064,58.599,1,2,744,280,296,168
8-1-20-0.01-50,200,20,1,20,0.01,50,208,488,0.1,0,0.0,0.0,50.342134,50.342,1,2,756,276,310,170
8-1-20-0.01-90,200,20,1,20,0.01,90,208,488,0.1,12,0.0,0.1,35.046217,35.046,1,2,551,251,236,64
8-1-20-0.1-10,200,20,1,20,0.1,10,208,488,0.0,0,0.0,0.0,58.152986,58.153,0,1,672,275,289,108
8-1-20-0.1-50,200,20,1,20,0.1,50,208,488,0.1,8,0.0,0.0,49.832668,49.833,1,2,717,278,287,152
8-1-20-0.1-90,200,20,1,20,0.1,90,208,488,0.1,23,0.0,0.1,34.850736,34.851,1,2,557,251,236,70
8-1-20-0.2-10,200,20,1,20,0.2,10,208,488,0.1,0,0.0,0.0,57.666461,57.666,0,1,705,290,295,120
8-1-20-0.2-50,200,20,1,20,0.2,50,208,488,0.1,17,0.0,0.1,49.282195,49.282,0,1,765,287,310,168
8-1-20-0.2-90,200,20,1,20,0.2,90,208,488,0.1,17,0.0,0.0,34.656785,34.657,0,1,581,264,237,80
8-2-20-0.01-10,200,20,2,20,0.01,10,222,474,0.1,6,0.0,0.0,59.280730,59.281,1,2,895,307,284,304
8-2-20-0.01-50,200,20,2,20,0.01,50,222,474,0.1,3,0.0,0.0,52.813211,52.813,1,2,721,270,285,166
8-2-20-0.01-90,200,20,2,20,0.01,90,222,474,0.1,0,0.0,0.0,39.727547,39.728,0,1,564,266,242,56
8-2-20-0.1-10,200,20,2,20,0.1,10,222,474,0.1,0,0.0,0.0,58.922407,58.922,0,1,849,309,284,256
8-2-20-0.1-50,200,20,2,20,0.1,50,222,474,0.1,3,0.0,0.0,52.371129,52.371,1,2,742,286,290,166
8-2-20-0.1-90,200,20,2,20,0.1,90,222,474,0.1,0,0.0,0.0,39.687840,39.688,0,1,554,264,240,50
8-2-20-0.2-10,200,20,2,20,0.2,10,222,474,0.1,0,0.0,0.0,58.604756,58.605,0,1,780,288,276,216
8-2-20-0.2-50,200,20,2,20,0.2,50,222,474,0.1,0,0.0,0.0,51.973867,51.974,0,1,682,260,276,146
8-2-20-0.2-90,200,20,2,20,0.2,90,222,474,0.0,0,0.0,0.0,39.658821,39.659,0,1,528,263,231,34
9-1-20-0.01-10,200,40,1,20,0.01,10,214,590,0.5,145,0.0,0.3,94.505690,94.506,2,2,1305,369,370,566
9-1-20-0.01-50,200,40,1,20,0.01,50,214,590,0.2,35,0.0,0.2,84.519440,84.519,2,2,982,298,366,318
9-1-20-0.01-90,200,40,1,20,0.01,90,214,590,0.5,204,0.0,0.3,59.134807,59.135,2,2,888,295,281,312
9-1-20-0.1-10,200,40,1,20,0.1,10,214,590,0.2,16,0.0,0.1,93.540584,93.541,1,2,1295,381,366,548
9-1-20-0.1-50,200,40,1,20,0.1,50,214,590,0.2,30,0.0,0.2,83.642869,83.643,1,2,872,289,333,250
9-1-20-0.1-90,200,40,1,20,0.1,90,214,590,0.1,22,0.0,0.0,58.859597,58.860,1,2,790,283,281,226
9-1-20-0.2-10,200,40,1,20,0.2,10,214,590,0.1,6,0.0,0.0,92.492960,92.493,1,2,1034,330,324,380
9-1-20-0.2-50,200,40,1,20,0.2,50,214,590,0.1,8,0.0,0.1,82.750890,82.751,1,2,908,309,319,280
9-1-20-0.2-90,200,40,1,20,0.2,90,214,590,0.1,13,0.0,0.0,58.650130,58.650,0,1,749,291,244,214
9-2-20-0.01-10,200,40,2,20,0.01,10,228,576,0.2,12,0.0,0.1,96.657542,96.658,1,2,1181,354,343,484
9-2-20-0.01-50,200,40,2,20,0.01,50,228,576,0.3,54,0.0,0.2,86.858861,86.859,1,2,1040,310,336,394
9-2-20-0.01-90,200,40,2,20,0.01,90,228,576,1.9,978,0.0,0.2,63.842828,63.843,1,2,962,317,261,384
9-2-20-0.1-10,200,40,2,20,0.1,10,228,576,0.2,5,0.0,0.0,95.771865,95.772,1,2,1015,328,333,354
9-2-20-0.1-50,200,40,2,20,0.1,50,228,576,0.2,27,0.0,0.2,86.080382,86.080,1,2,980,313,311,356
9-2-20-0.1-90,200,40,2,20,0.1,90,228,576,0.2,51,0.0,0.0,63.721395,63.721,0,1,800,296,246,258
9-2-20-0.2-10,200,40,2,20,0.2,10,228,576,0.1,4,0.0,0.0,94.787780,94.788,1,2,933,328,327,278
9-2-20-0.2-50,200,40,2,20,0.2,50,228,576,0.1,24,0.0,0.2,85.340490,85.340,0,1,876,323,289,264
9-2-20-0.2-90,200,40,2,20,0.2,90,228,576,0.1,0,0.0,0.0,63.595483,63.595,0,1,730,297,239,194
10-1-20-0.01-10,200,67,1,20,0.01,10,214,1014,4.6,932,0.0,0.5,143.279687,143.280,7,3,2582,509,659,1414
10-1-20-0.01-50,200,67,1,20,0.01,50,214,1014,2.7,1067,0.0,0.2,134.676138,134.676,7,3,1030,317,397,316
10-1-20-0.01-90,200,67,1,20,0.01,90,214,1014,2.8,1438,0.0,0.1,105.911306,105.911,4,3,1402,312,290,800
10-1-20-0.1-10,200,67,1,20,0.1,10,214,1014,6.1,3015,0.0,0.3,140.528115,140.528,6,3,2047,472,497,1078
10-1-20-0.1-50,200,67,1,20,0.1,50,214,1014,1.8,512,0.0,0.1,132.104533,132.105,7,3,1256,358,424,474
10-1-20-0.1-90,200,67,1,20,0.1,90,214,1014,0.7,167,0.0,0.1,104.169361,104.169,4,3,1295,304,303,688
10-1-20-0.2-10,200,67,1,20,0.2,10,214,1014,5.2,1862,0.0,0.2,137.759237,137.759,4,3,1890,433,451,1006
10-1-20-0.2-50,200,67,1,20,0.2,50,214,1014,0.5,99,0.0,0.1,129.284700,129.285,6,3,1265,360,401,504
10-1-20-0.2-90,200,67,1,20,0.2,90,214,1014,1.3,468,0.0,0.3,102.245536,102.246,4,3,1393,327,306,760
10-2-20-0.01-10,200,67,2,20,0.01,10,246,982,5.4,1292,0.0,0.5,146.111648,146.112,7,3,2404,483,599,1322
10-2-20-0.01-50,200,67,2,20,0.01,50,246,982,1.2,347,0.0,0.3,138.657593,138.658,7,3,1379,362,417,600
10-2-20-0.01-90,200,67,2,20,0.01,90,246,982,1.4,609,0.0,0.1,114.205787,114.206,4,3,1210,302,280,628
10-2-20-0.1-10,200,67,2,20,0.1,10,246,982,9.5,4768,0.0,0.4,143.583147,143.583,4,3,2167,469,518,1180
10-2-20-0.1-50,200,67,2,20,0.1,50,246,982,2.6,1575,0.0,0.1,136.320858,136.321,7,3,1292,360,388,544
10-2-20-0.1-90,200,67,2,20,0.1,90,246,982,0.4,73,0.0,0.1,112.562482,112.562,4,3,1126,295,273,558
10-2-20-0.2-10,200,67,2,20,0.2,10,246,982,2.3,785,0.0,0.3,141.144226,141.144,1,3,1750,411,413,926
10-2-20-0.2-50,200,67,2,20,0.2,50,246,982,1.9,638,0.0,0.1,133.919881,133.920,5,3,1437,382,479,576
10-2-20-0.2-90,200,67,2,20,0.2,90,246,982,1.8,653,0.0,0.2,110.821753,110.822,3,3,1308,306,322,680
11-1-20-0.01-10,300,5,1,20,0.01,10,350,2542,0.3,7,0.0,0.1,57.662511,57.663,0,1,1245,430,492,323
11-1-20-0.01-50,300,5,1,20,0.01,50,350,2542,0.3,9,0.0,0.3,54.750714,54.751,1,2,1227,455,456,316
11-1-20-0.01-90,300,5,1,20,0.01,90,350,2542,0.1,0,0.0,0.0,50.124202,50.124,2,2,800,309,373,118
11-1-20-0.1-10,300,5,1,20,0.1,10,350,2542,0.2,0,0.0,0.0,56.984725,56.985,0,1,1196,417,457,322
11-1-20-0.1-50,300,5,1,20,0.1,50,350,2542,0.2,1,0.0,0.0,53.964286,53.964,0,1,1171,427,387,357
11-1-20-0.1-90,300,5,1,20,0.1,90,350,2542,0.1,0,0.0,0.0,48.616591,48.617,2,2,873,329,396,148
11-1-20-0.2-10,300,5,1,20,0.2,10,350,2542,0.2,0,0.0,0.0,56.231629,56.232,0,1,1159,422,442,295
11-1-20-0.2-50,300,5,1,20,0.2,50,350,2542,0.2,0,0.0,0.0,53.201092,53.201,0,1,1145,425,396,324
11-1-20-0.2-90,300,5,1,20,0.2,90,350,2542,0.2,3,0.0,0.0,46.961338,46.961,1,2,845,318,383,144
11-2-20-0.01-10,300,5,2,20,0.01,10,390,2502,0.3,3,0.0,0.0,58.080063,58.080,0,1,1305,448,459,398
11-2-20-0.01-50,300,5,2,20,0.01,50,390,2502,0.3,10,0.0,0.2,54.750714,54.751,1,2,1223,447,494,282
11-2-20-0.01-90,300,5,2,20,0.01,90,390,2502,0.1,0,0.0,0.0,50.699464,50.699,2,2,796,308,372,116
11-2-20-0.1-10,300,5,2,20,0.1,10,390,2502,0.1,0,0.0,0.0,57.433184,57.433,0,1,1115,415,420,280
11-2-20-0.1-50,300,5,2,20,0.1,50,390,2502,0.2,2,0.0,0.0,53.964286,53.964,0,1,1146,432,387,327
11-2-20-0.1-90,300,5,2,20,0.1,90,390,2502,0.1,0,0.0,0.0,49.191853,49.192,2,2,877,328,395,154
11-2-20-0.2-10,300,5,2,20,0.2,10,390,2502,0.1,0,0.0,0.0,56.714429,56.714,0,1,1152,411,425,316
11-2-20-0.2-50,300,5,2,20,0.2,50,390,2502,0.2,0,0.0,0.0,53.201092,53.201,0,1,1208,445,395,368
11-2-20-0.2-90,300,5,2,20,0.2,90,390,2502,0.2,3,0.0,0.0,47.536600,47.537,1,2,825,317,382,126
12-1-20-0.01-10,300,10,1,20,0.01,10,336,1792,0.2,0,0.0,0.0,68.165912,68.166,1,2,1259,428,475,356
12-1-20-0.01-50,300,10,1,20,0.01,50,336,1792,0.3,15,0.0,0.3,56.800388,56.800,0,1,1351,479,444,428
12-1-20-0.01-90,300,10,1,20,0.01,90,336,1792,0.1,0,0.0,0.0,44.292502,44.293,2,2,1044,383,417,244
12-1-20-0.1-10,300,10,1,20,0.1,10,336,1792,0.3,5,0.0,0.1,67.526346,67.526,0,1,1478,492,454,532
12-1-20-0.1-50,300,10,1,20,0.1,50,336,1792,0.3,13,0.0,0.2,56.501436,56.501,0,1,1266,448,444,374
12-1-20-0.1-90,300,10,1,20,0.1,90,336,1792,0.1,0,0.0,0.0,43.786853,43.787,1,2,978,368,412,198
12-1-20-0.2-10,300,10,1,20,0.2,10,336,1792,0.3,0,0.0,0.0,67.114994,67.115,0,1,1447,472,567,408
12-1-20-0.2-50,300,10,1,20,0.2,50,336,1792,0.3,9,0.0,0.2,56.210262,56.210,0,1,1256,450,466,340
12-1-20-0.2-90,300,10,1,20,0.2,90,336,1792,0.1,0,0.0,0.0,43.490750,43.491,0,1,937,365,412,160
12-2-20-0.01-10,300,10,2,20,0.01,10,356,1772,0.6,10,0.0,0.2,68.402789,68.403,1,2,1527,481,496,550
12-2-20-0.01-50,300,10,2,20,0.01,50,356,1772,0.3,23,0.0,0.5,56.853555,56.854,0,1,1330,438,518,374
12-2-20-0.01-90,300,10,2,20,0.01,90,356,1772,0.1,0,0.0,0.0,44.858650,44.859,1,2,949,374,395,180
12-2-20-0.1-10,300,10,2,20,0.1,10,356,1772,0.3,5,0.0,0.1,68.058356,68.058,0,1,1429,466,473,490
12-2-20-0.1-50,300,10,2,20,0.1,50,356,1772,0.3,17,0.0,0.6,56.501436,56.501,0,1,1356,457,481,418
12-2-20-0.1-90,300,10,2,20,0.1,90,356,1772,0.1,0,0.0,0.0,44.623324,44.623,0,1,835,347,390,98
12-2-20-0.2-10,300,10,2,20,0.2,10,356,1772,0.2,3,0.0,0.0,67.727201,67.727,0,1,1305,448,467,390
12-2-20-0.2-50,300,10,2,20,0.2,50,356,1772,0.3,17,0.0,0.3,56.293457,56.293,0,1,1271,459,494,318
12-2-20-0.2-90,300,10,2,20,0.2,90,356,1772,0.1,0,0.0,0.0,44.499179,44.499,0,1,825,347,388,90
13-1-20-0.01-10,300,30,1,20,0.01,10,334,2170,3.9,486,0.0,0.4,132.249665,132.250,3,3,2834,715,753,1366
13-1-20-0.01-50,300,30,1,20,0.01,50,334,2170,6.2,1250,0.0,0.5,123.324803,123.325,4,3,2512,650,768,1094
13-1-20-0.01-90,300,30,1,20,0.01,90,334,2170,0.3,17,0.0,0.0,99.992460,99.992,6,4,1149,378,493,278
13-1-20-0.1-10,300,30,1,20,0.1,10,334,2170,6.9,983,0.0,0.5,129.566042,129.566,2,2,3164,797,711,1656
13-1-20-0.1-50,300,30,1,20,0.1,50,334,2170,1.7,214,0.0,0.3,120.798008,120.798,3,2,2305,631,678,996
13-1-20-0.1-90,300,30,1,20,0.1,90,334,2170,0.3,11,0.0,0.1,97.129821,97.130,5,4,1238,385,541,312
13-1-20-0.2-10,300,30,1,20,0.2,10,334,2170,2.9,331,0.0,0.3,126.912985,126.913,0,1,2492,653,627,1212
13-1-20-0.2-50,300,30,1,20,0.2,50,334,2170,1.6,185,0.0,0.4,118.131867,118.132,3,2,2248,598,654,996
13-1-20-0.2-90,300,30,1,20,0.2,90,334,2170,0.2,3,0.0,0.0,94.070496,94.070,5,4,1266,394,530,342
13-2-20-0.01-10,300,30,2,20,0.01,10,374,2130,1.7,152,0.0,0.3,136.211453,136.211,3,2,2803,678,883,1242
13-2-20-0.01-50,300,30,2,20,0.01,50,374,2130,1.9,239,0.0,0.3,127.583980,127.584,3,3,2413,601,674,1138
13-2-20-0.01-90,300,30,2,20,0.01,90,374,2130,0.3,16,0.0,0.0,101.906574,101.907,6,4,1102,376,536,190
13-2-20-0.1-10,300,30,2,20,0.1,10,374,2130,2.0,228,0.0,0.3,133.836687,133.837,2,2,2491,623,682,1186
13-2-20-0.1-50,300,30,2,20,0.1,50,374,2130,1.4,203,0.0,0.3,125.217320,125.217,3,3,2267,597,636,1034
13-2-20-0.1-90,300,30,2,20,0.1,90,374,2130,0.5,33,0.0,0.1,99.261301,99.261,5,4,1482,474,546,462
13-2-20-0.2-10,300,30,2,20,0.2,10,374,2130,1.1,79,0.0,0.2,131.428843,131.429,0,1,2417,602,693,1122
13-2-20-0.2-50,300,30,2,20,0.2,50,374,2130,1.3,139,0.0,0.2,122.799629,122.800,3,2,2318,601,607,1110
13-2-20-0.2-90,300,30,2,20,0.2,90,374,2130,0.5,64,0.0,0.3,96.559718,96.560,4,3,1525,460,521,544
14-1-20-0.01-10,300,60,1,20,0.01,10,340,1748,16.9,2160,0.0,0.6,178.541455,178.541,6,3,3981,822,861,2298
14-1-20-0.01-50,300,60,1,20,0.01,50,340,1748,3.2,534,0.0,0.4,166.507547,166.508,5,3,2602,587,731,1284
14-1-20-0.01-90,300,60,1,20,0.01,90,340,1748,1.3,265,0.0,0.3,122.431582,122.432,8,4,1717,481,510,726
14-1-20-0.1-10,300,60,1,20,0.1,10,340,1748,11.0,1179,0.0,0.5,175.052415,175.052,4,3,3772,825,785,2162
14-1-20-0.1-50,300,60,1,20,0.1,50,340,1748,1.9,274,0.0,0.4,163.491628,163.492,4,2,2272,566,616,1090
14-1-20-0.1-90,300,60,1,20,0.1,90,340,1748,2.8,656,0.0,0.2,120.232256,120.232,7,4,1805,491,476,838
14-1-20-0.2-10,300,60,1,20,0.2,10,340,1748,9.6,1027,0.0,0.3,171.468679,171.469,3,2,3632,788,728,2116
14-1-20-0.2-50,300,60,1,20,0.2,50,340,1748,1.9,256,0.0,0.3,160.214581,160.215,4,2,2222,555,707,960
14-1-20-0.2-90,300,60,1,20,0.2,90,340,1748,2.6,679,0.0,0.1,118.069321,118.069,4,4,1779,509,476,794
14-2-20-0.01-10,300,60,2,20,0.01,10,374,1714,39.2,3477,0.0,0.9,180.066043,180.066,5,3,5493,1007,1020,3466
14-2-20-0.01-50,300,60,2,20,0.01,50,374,1714,1.4,136,0.0,0.4,170.062837,170.063,5,2,2440,614,664,1162
14-2-20-0.01-90,300,60,2,20,0.01,90,374,1714,7.5,1304,0.0,0.7,128.541844,128.542,8,4,2505,509,572,1424
14-2-20-0.1-10,300,60,2,20,0.1,10,374,1714,33.3,2527,0.0,0.7,176.910510,176.911,3,3,5177,951,946,3280
14-2-20-0.1-50,300,60,2,20,0.1,50,374,1714,0.9,87,0.0,0.2,167.223380,167.223,4,2,2075,583,596,896
14-2-20-0.1-90,300,60,2,20,0.1,90,374,1714,6.5,1145,0.0,0.5,126.765470,126.765,5,4,2420,532,562,1326
14-2-20-0.2-10,300,60,2,20,0.2,10,374,1714,12.2,965,0.0,0.5,173.709130,173.709,2,2,3637,836,783,2018
14-2-20-0.2-50,300,60,2,20,0.2,50,374,1714,1.2,214,0.0,0.1,164.167319,164.167,3,2,1983,573,516,894
14-2-20-0.2-90,300,60,2,20,0.2,90,374,1714,7.0,2388,0.0,0.2,125.215223,125.215,2,4,2077,551,462,1064
15-1-20-0.01-10,300,100,1,20,0.01,10,340,2178,17.6,2595,0.0,0.3,233.711966,233.712,10,3,3740,713,959,2068
15-1-20-0.01-50,300,100,1,20,0.01,50,340,2178,11.2,1809,0.0,0.5,218.168394,218.168,8,3,2920,564,822,1534
15-1-20-0.01-90,300,100,1,20,0.01,90,340,2178,9.1,1085,0.0,0.2,173.702611,173.703,7,4,3152,522,580,2050
15-1-20-0.1-10,300,100,1,20,0.1,10,340,2178,17.5,2240,0.0,0.3,228.872540,228.873,8,3,3406,663,853,1890
15-1-20-0.1-50,300,100,1,20,0.1,50,340,2178,9.7,1573,0.0,0.4,213.998067,213.998,7,3,2937,586,777,1574
15-1-20-0.1-90,300,100,1,20,0.1,90,340,2178,11.2,1320,0.0,0.1,170.666001,170.666,6,3,2927,508,615,1804
15-1-20-0.2-10,300,100,1,20,0.2,10,340,2178,15.6,1218,0.0,0.2,223.929614,223.930,7,3,3448,752,798,1898
15-1-20-0.2-50,300,100,1,20,0.2,50,340,2178,10.0,1814,0.0,0.3,209.648531,209.649,7,3,2884,601,883,1400
15-1-20-0.2-90,300,100,1,20,0.2,90,340,2178,8.0,1407,0.0,0.1,167.650340,167.650,5,3,2396,449,529,1418
15-2-20-0.01-10,300,100,2,20,0.01,10,376,2142,19.5,2561,0.0,0.4,235.061816,235.062,10,3,3815,723,910,2182
15-2-20-0.01-50,300,100,2,20,0.01,50,376,2142,12.0,1809,0.0,0.6,219.488656,219.489,8,3,3312,618,742,1952
15-2-20-0.01-90,300,100,2,20,0.01,90,376,2142,11.2,2075,0.0,0.3,180.606266,180.606,7,3,2437,506,611,1320
15-2-20-0.1-10,300,100,2,20,0.1,10,376,2142,24.6,3464,0.0,0.4,230.427898,230.428,8,3,4009,749,878,2382
15-2-20-0.1-50,300,100,2,20,0.1,50,376,2142,9.9,1527,0.0,0.4,215.823807,215.824,6,3,3201,626,729,1846
15-2-20-0.1-90,300,100,2,20,0.1,90,376,2142,10.7,1865,0.0,0.2,177.798140,177.798,5,3,2492,515,633,1344
15-2-20-0.2-10,300,100,2,20,0.2,10,376,2142,12.8,1021,0.0,0.3,225.835469,225.835,5,3,4054,785,867,2402
15-2-20-0.2-50,300,100,2,20,0.2,50,376,2142,11.2,1988,0.0,0.2,211.958654,211.959,6,3,2953,640,725,1588
15-2-20-0.2-90,300,100,2,20,0.2,90,376,2142,3.1,607,0.0,0.2,175.019362,175.019,4,3,2064,450,492,1122
16-1-20-0.01-10,400,5,1,20,0.01,10,464,7328,0.9,18,0.0,0.4,109.198003,109.198,0,1,2449,737,1157,555
16-1-20-0.01-50,400,5,1,20,0.01,50,464,7328,0.4,0,0.0,0.0,109.129645,109.130,0,1,1750,554,602,594
16-1-20-0.01-90,400,5,1,20,0.01,90,464,7328,0.2,0,0.0,0.0,77.661917,77.662,1,2,1403,499,602,302
16-1-20-0.1-10,400,5,1,20,0.1,10,464,7328,0.9,32,0.0,0.4,107.514204,107.514,0,1,2202,731,1075,396
16-1-20-0.1-50,400,5,1,20,0.1,50,464,7328,0.3,0,0.0,0.0,107.514204,107.514,0,1,1811,614,675,522
16-1-20-0.1-90,400,5,1,20,0.1,90,464,7328,0.2,0,0.0,0.0,75.822834,75.823,1,2,1420,515,611,294
16-1-20-0.2-10,400,5,1,20,0.2,10,464,7328,0.8,19,0.0,0.4,105.719270,105.719,0,1,2259,769,1068,422
16-1-20-0.2-50,400,5,1,20,0.2,50,464,7328,0.3,0,0.0,0.0,105.719270,105.719,0,1,1940,619,698,623
16-1-20-0.2-90,400,5,1,20,0.2,90,464,7328,0.3,0,0.0,0.0,73.779409,73.779,1,2,1530,518,574,438
16-2-20-0.01-10,400,5,2,20,0.01,10,540,7252,0.9,21,0.0,0.6,109.731493,109.731,0,1,2623,889,1089,645
16-2-20-0.01-50,400,5,2,20,0.01,50,540,7252,0.5,2,0.0,0.0,109.602242,109.602,0,1,1990,590,634,766
16-2-20-0.01-90,400,5,2,20,0.01,90,540,7252,0.5,5,0.0,0.1,78.102670,78.103,1,2,1639,521,642,476
16-2-20-0.1-10,400,5,2,20,0.1,10,540,7252,0.9,20,0.0,0.6,108.137043,108.137,0,1,2929,875,1387,667
16-2-20-0.1-50,400,5,2,20,0.1,50,540,7252,0.4,0,0.0,0.0,108.081321,108.081,0,1,1893,581,679,633
16-2-20-0.1-90,400,5,2,20,0.1,90,540,7252,0.6,5,0.0,0.4,76.282693,76.283,1,2,1601,522,653,426
16-2-20-0.2-10,400,5,2,20,0.2,10,540,7252,0.9,18,0.0,0.4,106.391408,106.391,0,1,2623,820,1232,571
16-2-20-0.2-50,400,5,2,20,0.2,50,540,7252,0.4,0,0.0,0.0,106.391408,106.391,0,1,1806,658,708,440
16-2-20-0.2-90,400,5,2,20,0.2,90,540,7252,0.5,3,0.0,0.0,74.819982,74.820,0,1,1843,585,579,679
17-1-20-0.01-10,400,10,1,20,0.01,10,460,6282,1.1,41,0.0,0.6,136.500129,136.500,0,1,2768,964,886,918
17-1-20-0.01-50,400,10,1,20,0.01,50,460,6282,1.5,55,0.0,0.7,128.337269,128.337,0,1,2989,843,1080,1066
17-1-20-0.01-90,400,10,1,20,0.01,90,460,6282,0.6,7,0.0,0.1,110.620356,110.620,3,2,1639,530,753,356
17-1-20-0.1-10,400,10,1,20,0.1,10,460,6282,1.1,25,0.0,0.5,134.074415,134.074,0,1,2919,1051,868,1000
17-1-20-0.1-50,400,10,1,20,0.1,50,460,6282,1.1,22,0.0,0.4,125.915567,125.916,0,1,2858,805,1159,894
17-1-20-0.1-90,400,10,1,20,0.1,90,460,6282,0.3,0,0.0,0.0,107.246200,107.246,3,2,1531,527,654,350
17-1-20-0.2-10,400,10,1,20,0.2,10,460,6282,1.3,39,0.0,0.5,131.495270,131.495,0,1,3039,973,1010,1056
17-1-20-0.2-50,400,10,1,20,0.2,50,460,6282,0.8,13,0.0,0.2,123.351619,123.352,0,1,2338,754,794,790
17-1-20-0.2-90,400,10,1,20,0.2,90,460,6282,0.2,0,0.0,0.0,103.497138,103.497,3,2,1494,523,597,374
17-2-20-0.01-10,400,10,2,20,0.01,10,536,6206,1.1,49,0.0,0.6,139.477301,139.477,0,1,2846,982,814,1050
17-2-20-0.01-50,400,10,2,20,0.01,50,536,6206,1.1,31,0.0,0.5,131.466639,131.467,0,1,3021,929,878,1214
17-2-20-0.01-90,400,10,2,20,0.01,90,536,6206,0.5,7,0.0,0.1,112.000435,112.000,3,2,1578,518,674,386
17-2-20-0.1-10,400,10,2,20,0.1,10,536,6206,1.3,35,0.0,0.6,137.311983,137.312,0,1,2832,945,855,1032
17-2-20-0.1-50,400,10,2,20,0.1,50,536,6206,0.8,29,0.0,0.3,129.217433,129.217,0,1,2486,831,787,868
17-2-20-0.1-90,400,10,2,20,0.1,90,536,6206,0.2,0,0.0,0.0,108.763755,108.764,3,2,1434,512,604,318
17-2-20-0.2-10,400,10,2,20,0.2,10,536,6206,1.2,36,0.0,0.3,134.939565,134.940,0,1,2989,1009,814,1166
17-2-20-0.2-50,400,10,2,20,0.2,50,536,6206,1.0,14,0.0,0.2,126.718316,126.718,0,1,2683,861,930,892
17-2-20-0.2-90,400,10,2,20,0.2,90,536,6206,0.5,0,0.0,0.0,105.167444,105.167,3,2,1486,516,612,358
18-1-20-0.01-10,400,40,1,20,0.01,10,444,4364,68.4,4193,0.0,0.7,215.275325,215.275,4,3,5896,1275,1561,3060
18-1-20-0.01-50,400,40,1,20,0.01,50,444,4364,16.6,1030,0.0,0.4,206.281846,206.282,3,2,4122,956,1120,2046
18-1-20-0.01-90,400,40,1,20,0.01,90,444,4364,0.3,0,0.0,0.0,157.292761,157.293,9,4,1767,561,660,546
18-1-20-0.1-10,400,40,1,20,0.1,10,444,4364,48.9,2261,0.0,0.6,209.840029,209.840,4,3,4904,1103,1395,2406
18-1-20-0.1-50,400,40,1,20,0.1,50,444,4364,4.7,210,0.0,0.2,201.561536,201.562,2,2,3693,912,983,1798
18-1-20-0.1-90,400,40,1,20,0.1,90,444,4364,0.4,9,0.0,0.0,152.503049,152.503,9,4,1712,536,698,478
18-1-20-0.2-10,400,40,1,20,0.2,10,444,4364,37.6,1919,0.0,0.5,204.030909,204.031,3,2,5019,1144,1319,2556
18-1-20-0.2-50,400,40,1,20,0.2,50,444,4364,1.6,48,0.0,0.1,196.426804,196.427,2,2,3198,836,894,1468
18-1-20-0.2-90,400,40,1,20,0.2,90,444,4364,0.6,28,0.0,0.1,147.471342,147.471,6,4,1888,562,730,596
18-2-20-0.01-10,400,40,2,20,0.01,10,512,4296,22.7,1103,0.0,0.7,218.964668,218.965,4,3,4987,1172,1423,2392
18-2-20-0.01-50,400,40,2,20,0.01,50,512,4296,23.6,2098,0.0,0.5,209.515667,209.516,3,2,4061,1026,1037,1998
18-2-20-0.01-90,400,40,2,20,0.01,90,512,4296,0.8,33,0.0,0.1,159.603387,159.603,6,4,2273,581,818,874
18-2-20-0.1-10,400,40,2,20,0.1,10,512,4296,17.2,796,0.0,0.6,213.867190,213.867,4,2,4972,1124,1402,2446
18-2-20-0.1-50,400,40,2,20,0.1,50,512,4296,9.8,651,0.0,0.3,205.185043,205.185,2,2,3886,973,985,1928
18-2-20-0.1-90,400,40,2,20,0.1,90,512,4296,0.6,9,0.0,0.0,156.036494,156.036,5,4,2025,615,702,708
18-2-20-0.2-10,400,40,2,20,0.2,10,512,4296,35.2,2403,0.0,0.5,208.390001,208.390,2,2,4901,1152,1095,2654
18-2-20-0.2-50,400,40,2,20,0.2,50,512,4296,1.9,75,0.0,0.2,200.648386,200.648,1,2,3437,880,931,1626
18-2-20-0.2-90,400,40,2,20,0.2,90,512,4296,0.5,7,0.0,0.0,152.338315,152.338,5,3,1711,560,673,478
19-1-20-0.01-10,400,80,1,20,0.01,10,458,5290,2965.2,160275,0.0,0.7,294.902252,294.902,7,3,10426,1729,2117,6580
19-1-20-0.01-50,400,80,1,20,0.01,50,458,5290,90.9,10262,0.0,0.4,280.980881,280.981,7,3,6093,1074,1661,3358
19-1-20-0.01-90,400,80,1,20,0.01,90,458,5290,15.1,1477,0.0,0.3,225.869041,225.869,14,4,4023,762,1205,2056
19-1-20-0.1-10,400,80,1,20,0.1,10,458,5290,1825.3,93655,0.0,0.6,287.349448,287.349,4,3,10025,1552,1925,6548
19-1-20-0.1-50,400,80,1,20,0.1,50,458,5290,47.7,4882,0.0,0.3,273.929633,273.930,5,2,5319,994,1603,2722
19-1-20-0.1-90,400,80,1,20,0.1,90,458,5290,20.8,2203,0.0,0.3,218.633585,218.634,12,4,4330,757,1087,2486
19-1-20-0.2-10,400,80,1,20,0.2,10,458,5290,637.9,37636,0.0,0.4,279.282904,279.283,1,3,8334,1360,1620,5354
19-1-20-0.2-50,400,80,1,20,0.2,50,458,5290,20.7,1215,0.0,0.1,266.374499,266.374,3,2,4074,894,1328,1852
19-1-20-0.2-90,400,80,1,20,0.2,90,458,5290,20.7,1336,0.0,0.4,211.087039,211.087,9,4,4711,804,1247,2660
19-2-20-0.01-10,400,80,2,20,0.01,10,526,5222,TL,319734,0.2,0.8,297.155752,297.787,6,3,14850,2174,2796,9880
19-2-20-0.01-50,400,80,2,20,0.01,50,526,5222,239.3,20107,0.0,0.6,282.716786,282.717,5,3,7661,1238,1765,4658
19-2-20-0.01-90,400,80,2,20,0.01,90,526,5222,22.7,2468,0.0,0.5,232.178008,232.178,11,4,4807,771,1172,2864
19-2-20-0.1-10,400,80,2,20,0.1,10,526,5222,1848.0,64045,0.0,0.7,290.059480,290.059,2,3,12860,1782,2088,8990
19-2-20-0.1-50,400,80,2,20,0.1,50,526,5222,43.0,1850,0.0,0.4,276.139178,276.139,4,2,7059,1168,1495,4396
19-2-20-0.1-90,400,80,2,20,0.1,90,526,5222,26.1,2805,0.0,0.6,225.772477,225.772,10,4,5404,813,1291,3300
19-2-20-0.2-10,400,80,2,20,0.2,10,526,5222,144.4,3596,0.0,0.5,282.685220,282.685,1,2,10711,1446,1797,7468
19-2-20-0.2-50,400,80,2,20,0.2,50,526,5222,43.6,3157,0.0,0.2,269.062240,269.062,4,2,4964,1018,1036,2910
19-2-20-0.2-90,400,80,2,20,0.2,90,526,5222,57.1,8257,0.0,0.7,219.019032,219.019,9,3,5378,777,1293,3308
20-1-20-0.01-10,400,133,1,20,0.01,10,456,4474,TL,102991,0.3,0.8,343.115556,344.177,17,3,11984,1766,2330,7888
20-1-20-0.01-50,400,133,1,20,0.01,50,456,4474,405.1,42477,0.0,0.5,322.337282,322.337,17,3,7135,1254,1743,4138
20-1-20-0.01-90,400,133,1,20,0.01,90,456,4474,19.0,1141,0.0,0.4,249.976077,249.976,14,5,4807,681,1076,3050
20-1-20-0.1-10,400,133,1,20,0.1,10,456,4474,TL,106342,0.2,0.8,334.739562,335.499,12,3,11678,1611,2215,7852
20-1-20-0.1-50,400,133,1,20,0.1,50,456,4474,305.9,31530,0.0,0.5,314.369101,314.369,15,3,6381,1129,1618,3634
20-1-20-0.1-90,400,133,1,20,0.1,90,456,4474,35.5,5108,0.0,0.4,244.900462,244.900,12,4,4579,673,968,2938
20-1-20-0.2-10,400,133,1,20,0.2,10,456,4474,TL,315449,0.3,0.7,325.636366,326.644,8,3,12190,1555,2299,8336
20-1-20-0.2-50,400,133,1,20,0.2,50,456,4474,75.4,4764,0.0,0.4,306.305954,306.306,8,3,6465,1051,1464,3950
20-1-20-0.2-90,400,133,1,20,0.2,90,456,4474,15.2,942,0.0,0.3,239.705290,239.705,11,4,4128,648,846,2634
20-2-20-0.01-10,400,133,2,20,0.01,10,526,4404,TL,124910,0.4,1.0,345.064869,346.624,14,3,13400,1939,2617,8844
20-2-20-0.01-50,400,133,2,20,0.01,50,526,4404,673.4,61073,0.0,0.6,326.568005,326.568,12,4,7903,1462,1769,4672
20-2-20-0.01-90,400,133,2,20,0.01,90,526,4404,23.4,1554,0.0,0.5,263.284026,263.284,9,5,6267,723,1086,4458
20-2-20-0.1-10,400,133,2,20,0.1,10,526,4404,TL,93014,0.4,0.9,337.360548,338.613,12,3,13576,1755,2199,9622
20-2-20-0.1-50,400,133,2,20,0.1,50,526,4404,1115.6,92828,0.0,0.6,319.148331,319.148,12,3,7588,1300,1724,4564
20-2-20-0.1-90,400,133,2,20,0.1,90,526,4404,30.2,4471,0.0,0.3,258.999080,258.999,9,4,5053,734,945,3374
20-2-20-0.2-10,400,133,2,20,0.2,10,526,4404,TL,159412,0.3,0.8,329.343424,330.440,7,3,13338,1634,2290,9414
20-2-20-0.2-50,400,133,2,20,0.2,50,526,4404,86.7,6252,0.0,0.4,311.892673,311.893,8,3,6946,1274,1524,4148
20-2-20-0.2-90,400,133,2,20,0.2,90,526,4404,TL,1196798,0.0,0.2,254.487475,254.488,8,4,4352,682,874,2796
21-1-20-0.01-10,500,5,1,20,0.01,10,592,13426,1.3,15,0.0,0.3,150.454705,150.455,1,2,2865,908,1144,813
21-1-20-0.01-50,500,5,1,20,0.01,50,592,13426,1.6,23,0.0,0.8,132.819569,132.820,1,2,2896,990,1079,827
21-1-20-0.01-90,500,5,1,20,0.01,90,592,13426,1.0,7,0.0,0.1,105.739752,105.740,1,2,2071,719,828,524
21-1-20-0.1-10,500,5,1,20,0.1,10,592,13426,1.1,20,0.0,0.2,147.355527,147.356,0,1,2586,944,895,747
21-1-20-0.1-50,500,5,1,20,0.1,50,592,13426,1.9,25,0.0,0.9,129.718612,129.719,0,1,3925,1046,1442,1437
21-1-20-0.1-90,500,5,1,20,0.1,90,592,13426,0.7,0,0.0,0.0,103.622278,103.622,0,1,2142,703,787,652
21-1-20-0.2-10,500,5,1,20,0.2,10,592,13426,0.9,7,0.0,0.2,143.994455,143.994,0,1,2427,902,866,659
21-1-20-0.2-50,500,5,1,20,0.2,50,592,13426,1.7,27,0.0,0.8,126.901070,126.901,0,1,3603,1028,1112,1463
21-1-20-0.2-90,500,5,1,20,0.2,90,592,13426,0.7,0,0.0,0.0,101.689011,101.689,0,1,2199,702,723,774
21-2-20-0.01-10,500,5,2,20,0.01,10,724,13294,1.3,23,0.0,0.4,151.305255,151.305,1,2,2822,893,1129,800
21-2-20-0.01-50,500,5,2,20,0.01,50,724,13294,1.9,40,0.0,1.0,134.232301,134.232,0,1,3296,1002,1133,1161
21-2-20-0.01-90,500,5,2,20,0.01,90,724,13294,0.9,9,0.0,0.2,106.527127,106.527,0,1,2048,660,808,580
21-2-20-0.1-10,500,5,2,20,0.1,10,724,13294,1.4,23,0.0,0.3,148.394991,148.395,0,1,2997,912,1145,940
21-2-20-0.1-50,500,5,2,20,0.1,50,724,13294,1.8,29,0.0,0.8,131.826496,131.826,0,1,3350,986,1144,1220
21-2-20-0.1-90,500,5,2,20,0.1,90,724,13294,0.4,0,0.0,0.0,104.876471,104.876,0,1,1844,637,690,517
21-2-20-0.2-10,500,5,2,20,0.2,10,724,13294,1.3,12,0.0,0.1,145.696559,145.697,0,1,2898,945,1054,899
21-2-20-0.2-50,500,5,2,20,0.2,50,724,13294,1.7,27,0.0,0.9,129.153380,129.153,0,1,3532,1046,1210,1276
21-2-20-0.2-90,500,5,2,20,0.2,90,724,13294,0.4,0,0.0,0.0,103.042409,103.042,0,1,1908,687,726,495
22-1-20-0.01-10,500,10,1,20,0.01,10,576,10474,2.6,41,0.0,0.6,183.466736,183.467,0,1,4430,1205,1476,1749
22-1-20-0.01-50,500,10,1,20,0.01,50,576,10474,1.4,9,0.0,0.1,171.409681,171.410,0,1,2999,848,960,1191
22-1-20-0.01-90,500,10,1,20,0.01,90,576,10474,0.6,0,0.0,0.0,143.375799,143.376,2,2,2209,681,754,774
22-1-20-0.1-10,500,10,1,20,0.1,10,576,10474,2.3,57,0.0,0.6,179.497361,179.497,0,1,4066,1128,1375,1563
22-1-20-0.1-50,500,10,1,20,0.1,50,576,10474,0.8,0,0.0,0.0,167.830607,167.831,0,1,2487,771,888,828
22-1-20-0.1-90,500,10,1,20,0.1,90,576,10474,0.4,0,0.0,0.0,139.622391,139.622,2,2,1814,612,784,418
22-1-20-0.2-10,500,10,1,20,0.2,10,576,10474,2.5,55,0.0,0.7,175.207660,175.208,0,1,3997,1120,1547,1330
22-1-20-0.2-50,500,10,1,20,0.2,50,576,10474,0.8,0,0.0,0.0,163.853857,163.854,0,1,2580,874,882,824
22-1-20-0.2-90,500,10,1,20,0.2,90,576,10474,0.4,0,0.0,0.0,135.451938,135.452,2,2,1705,615,734,356
22-2-20-0.01-10,500,10,2,20,0.01,10,660,10390,2.8,62,0.0,0.6,184.619499,184.619,0,1,4498,1222,1436,1840
22-2-20-0.01-50,500,10,2,20,0.01,50,660,10390,1.5,19,0.0,0.2,171.784961,171.785,0,1,3040,886,947,1207
22-2-20-0.01-90,500,10,2,20,0.01,90,660,10390,0.6,0,0.0,0.0,144.548859,144.549,2,2,1978,629,743,606
22-2-20-0.1-10,500,10,2,20,0.1,10,660,10390,2.6,48,0.0,0.7,180.832451,180.832,0,1,3980,1174,1396,1410
22-2-20-0.1-50,500,10,2,20,0.1,50,660,10390,1.1,6,0.0,0.0,168.314657,168.315,0,1,2754,911,948,895
22-2-20-0.1-90,500,10,2,20,0.1,90,660,10390,0.4,0,0.0,0.0,140.895859,140.896,2,2,1674,609,741,324
22-2-20-0.2-10,500,10,2,20,0.2,10,660,10390,2.8,76,0.0,0.9,176.624621,176.625,0,1,4282,1217,1337,1728
22-2-20-0.2-50,500,10,2,20,0.2,50,660,10390,1.6,11,0.0,0.1,164.458763,164.459,0,1,2845,895,992,958
22-2-20-0.2-90,500,10,2,20,0.2,90,660,10390,0.4,0,0.0,0.0,136.836970,136.837,2,2,1870,661,789,420
23-1-20-0.01-10,500,50,1,20,0.01,10,600,11818,2000.8,237765,0.0,0.4,376.240401,376.240,10,3,8174,1590,2798,3786
23-1-20-0.01-50,500,50,1,20,0.01,50,600,11818,88.8,5422,0.0,0.4,359.871748,359.872,12,3,6240,1413,2179,2648
23-1-20-0.01-90,500,50,1,20,0.01,90,600,11818,5.9,422,0.0,0.2,308.609119,308.609,13,4,2999,760,1281,958
23-1-20-0.1-10,500,50,1,20,0.1,10,600,11818,2866.6,357161,0.0,0.4,363.515914,363.516,5,3,8456,1569,2646,4241
23-1-20-0.1-50,500,50,1,20,0.1,50,600,11818,95.7,4128,0.0,0.4,347.568415,347.568,8,3,6505,1318,2207,2980
23-1-20-0.1-90,500,50,1,20,0.1,90,600,11818,5.0,393,0.0,0.1,296.595033,296.595,13,4,3092,725,1411,956
23-1-20-0.2-10,500,50,1,20,0.2,10,600,11818,134.8,4264,0.0,0.3,350.054601,350.055,4,3,7835,1499,2244,4092
23-1-20-0.2-50,500,50,1,20,0.2,50,600,11818,83.8,3650,0.0,0.3,334.298849,334.299,8,3,6241,1221,1992,3028
23-1-20-0.2-90,500,50,1,20,0.2,90,600,11818,13.3,1364,0.0,0.2,283.544445,283.544,12,4,3075,679,1360,1036
23-2-20-0.01-10,500,50,2,20,0.01,10,718,11700,202.7,8750,0.0,0.4,377.840822,377.841,6,3,7253,1595,2056,3602
23-2-20-0.01-50,500,50,2,20,0.01,50,718,11700,153.4,6933,0.0,0.5,361.729744,361.730,10,3,7264,1506,2420,3338
23-2-20-0.01-90,500,50,2,20,0.01,90,718,11700,5.0,368,0.0,0.2,311.684774,311.685,11,4,3060,713,1475,872
23-2-20-0.1-10,500,50,2,20,0.1,10,718,11700,111.5,3352,0.0,0.3,365.779787,365.780,6,3,7141,1453,2086,3602
23-2-20-0.1-50,500,50,2,20,0.1,50,718,11700,156.3,8113,0.0,0.5,350.039179,350.039,9,3,6963,1390,2135,3438
23-2-20-0.1-90,500,50,2,20,0.1,90,718,11700,2.0,100,0.0,0.1,300.466646,300.467,11,4,2802,718,1258,826
23-2-20-0.2-10,500,50,2,20,0.2,10,718,11700,92.1,3187,0.0,0.2,352.832235,352.832,5,3,6906,1432,1850,3624
23-2-20-0.2-50,500,50,2,20,0.2,50,718,11700,141.2,6717,0.0,0.4,337.640677,337.641,6,2,7217,1305,2174,3738
23-2-20-0.2-90,500,50,2,20,0.2,90,718,11700,3.1,216,0.0,0.1,288.243655,288.244,11,4,2661,664,1195,802
24-1-20-0.01-10,500,100,1,20,0.01,10,596,11906,TL,206423,0.2,0.6,441.495691,442.493,16,3,10043,2056,2913,5074
24-1-20-0.01-50,500,100,1,20,0.01,50,596,11906,896.5,78721,0.0,0.3,426.082222,426.082,14,4,7162,1600,2404,3158
24-1-20-0.01-90,500,100,1,20,0.01,90,596,11906,78.9,9550,0.0,0.3,347.579348,347.579,15,8,5732,1053,2139,2540
24-1-20-0.1-10,500,100,1,20,0.1,10,596,11906,TL,116568,0.1,0.5,427.665862,428.253,11,3,9754,1877,2479,5398
24-1-20-0.1-50,500,100,1,20,0.1,50,596,11906,662.0,80115,0.0,0.3,412.400094,412.400,11,3,6812,1361,2379,3072
24-1-20-0.1-90,500,100,1,20,0.1,90,596,11906,85.1,10496,0.0,0.2,335.204000,335.204,14,8,5212,972,1920,2320
24-1-20-0.2-10,500,100,1,20,0.2,10,596,11906,TL,147213,0.0,0.3,413.309600,413.340,8,2,9366,1680,2238,5448
24-1-20-0.2-50,500,100,1,20,0.2,50,596,11906,230.7,17320,0.0,0.2,397.605490,397.605,10,3,5967,1272,1943,2752
24-1-20-0.2-90,500,100,1,20,0.2,90,596,11906,105.1,16420,0.0,0.2,322.113783,322.114,11,7,4622,955,1627,2040
24-2-20-0.01-10,500,100,2,20,0.01,10,698,11804,TL,229519,0.2,0.6,443.641208,444.679,17,3,10235,2017,2912,5306
24-2-20-0.01-50,500,100,2,20,0.01,50,698,11804,1116.1,91731,0.0,0.4,429.001843,429.002,15,4,6641,1462,2273,2906
24-2-20-0.01-90,500,100,2,20,0.01,90,698,11804,74.2,6369,0.0,0.3,352.310454,352.310,15,8,5904,1084,2016,2804
24-2-20-0.1-10,500,100,2,20,0.1,10,698,11804,TL,224646,0.2,0.5,430.077765,431.158,11,3,11216,2068,3138,6010
24-2-20-0.1-50,500,100,2,20,0.1,50,698,11804,191.9,13048,0.0,0.3,415.977692,415.978,11,3,6282,1299,2025,2958
24-2-20-0.1-90,500,100,2,20,0.1,90,698,11804,839.8,156405,0.0,0.3,340.585009,340.585,13,7,5761,987,2240,2534
24-2-20-0.2-10,500,100,2,20,0.2,10,698,11804,3170.1,127567,0.0,0.3,416.618291,416.618,7,2,9946,1723,2291,5932
24-2-20-0.2-50,500,100,2,20,0.2,50,698,11804,80.4,4037,0.0,0.2,402.161801,402.162,10,3,5753,1210,1721,2822
24-2-20-0.2-90,500,100,2,20,0.2,90,698,11804,114.8,15074,0.0,0.3,328.420575,328.421,10,7,5358,906,1760,2692
25-1-20-0.01-10,500,167,1,20,0.01,10,610,14610,TL,142633,0.4,0.8,483.884399,486.081,21,5,9768,1693,2655,5420
25-1-20-0.01-50,500,167,1,20,0.01,50,610,14610,TL,214763,0.3,0.6,473.259088,474.488,22,5,9830,2037,3115,4678
25-1-20-0.01-90,500,167,1,20,0.01,90,610,14610,31.5,1792,0.0,0.1,418.812375,418.812,14,5,4411,841,1398,2172
25-1-20-0.1-10,500,167,1,20,0.1,10,610,14610,TL,162545,0.3,0.6,469.729018,470.996,14,5,10130,1636,2700,5794
25-1-20-0.1-50,500,167,1,20,0.1,50,610,14610,TL,123144,0.1,0.5,458.482938,459.040,20,4,9075,1739,2958,4378
25-1-20-0.1-90,500,167,1,20,0.1,90,610,14610,66.6,10177,0.0,0.1,406.781326,406.781,13,4,3765,771,1272,1722
25-1-20-0.2-10,500,167,1,20,0.2,10,610,14610,TL,105743,0.3,0.5,453.795161,455.122,12,4,10114,1512,2282,6320
25-1-20-0.2-50,500,167,1,20,0.2,50,610,14610,TL,206770,0.1,0.4,442.779348,443.175,13,4,7853,1325,2606,3922
25-1-20-0.2-90,500,167,1,20,0.2,90,610,14610,33.6,2093,0.0,0.1,393.783171,393.783,12,3,4546,772,1476,2298
25-2-20-0.01-10,500,167,2,20,0.01,10,716,14504,TL,191088,0.3,0.6,485.423275,487.061,19,5,10654,1735,2983,5936
25-2-20-0.01-50,500,167,2,20,0.01,50,716,14504,TL,144203,0.3,0.7,474.660037,475.927,21,5,8938,1847,2717,4374
25-2-20-0.01-90,500,167,2,20,0.01,90,716,14504,64.2,8376,0.0,0.2,424.695082,424.695,12,5,4810,811,1395,2604
25-2-20-0.1-10,500,167,2,20,0.1,10,716,14504,TL,105844,0.3,0.6,471.082838,472.575,16,4,12198,2005,3271,6922
25-2-20-0.1-50,500,167,2,20,0.1,50,716,14504,TL,233980,0.2,0.6,460.556689,461.527,17,5,8777,1551,2620,4606
25-2-20-0.1-90,500,167,2,20,0.1,90,716,14504,37.0,2023,0.0,0.2,413.138024,413.138,12,4,5306,790,1700,2816
25-2-20-0.2-10,500,167,2,20,0.2,10,716,14504,TL,123703,0.3,0.6,456.825368,458.237,11,4,11423,1513,2490,7420
25-2-20-0.2-50,500,167,2,20,0.2,50,716,14504,TL,222386,0.2,0.5,445.632163,446.468,15,4,8800,1505,2765,4530
25-2-20-0.2-90,500,167,2,20,0.2,90,716,14504,76.0,8823,0.0,0.3,400.630142,400.630,11,3,5497,857,1524,3116
26-1-20-0.01-10,600,5,1,20,0.01,10,742,31124,2.7,15,0.0,0.4,263.858658,263.859,0,1,4692,1224,2144,1324
26-1-20-0.01-50,600,5,1,20,0.01,50,742,31124,0.8,0,0.0,0.0,250.203600,250.204,2,2,2408,766,1044,598
26-1-20-0.01-90,600,5,1,20,0.01,90,742,31124,1.6,0,0.0,0.0,168.046548,168.047,2,2,2908,843,1273,792
26-1-20-0.1-10,600,5,1,20,0.1,10,742,31124,2.9,9,0.0,0.2,257.160729,257.161,0,1,5071,1300,2239,1532
26-1-20-0.1-50,600,5,1,20,0.1,50,742,31124,1.1,3,0.0,0.0,242.441031,242.441,1,2,2344,726,1012,606
26-1-20-0.1-90,600,5,1,20,0.1,90,742,31124,0.9,0,0.0,0.0,162.511417,162.511,1,2,1995,756,929,310
26-1-20-0.2-10,600,5,1,20,0.2,10,742,31124,2.5,7,0.0,0.3,249.718587,249.719,0,1,4307,1177,1918,1212
26-1-20-0.2-50,600,5,1,20,0.2,50,742,31124,0.6,0,0.0,0.0,234.982480,234.982,1,2,2274,700,950,624
26-1-20-0.2-90,600,5,1,20,0.2,90,742,31124,0.8,0,0.0,0.0,156.659342,156.659,1,2,2382,798,837,747
26-2-20-0.01-10,600,5,2,20,0.01,10,912,30954,2.4,13,0.0,0.5,265.137292,265.137,0,1,4327,1141,1830,1356
26-2-20-0.01-50,600,5,2,20,0.01,50,912,30954,0.7,0,0.0,0.0,251.546656,251.547,2,2,2369,762,1031,576
26-2-20-0.01-90,600,5,2,20,0.01,90,912,30954,1.7,2,0.0,0.0,168.634126,168.634,2,2,2845,833,1236,776
26-2-20-0.1-10,600,5,2,20,0.1,10,912,30954,2.6,11,0.0,0.3,258.644453,258.644,0,1,4573,1209,2006,1358
26-2-20-0.1-50,600,5,2,20,0.1,50,912,30954,0.9,0,0.0,0.0,244.217792,244.218,1,2,2262,700,1002,560
26-2-20-0.1-90,600,5,2,20,0.1,90,912,30954,1.0,0,0.0,0.0,163.364885,163.365,1,2,2056,760,988,308
26-2-20-0.2-10,600,5,2,20,0.2,10,912,30954,2.9,13,0.0,0.4,251.430186,251.430,0,1,4693,1244,2202,1247
26-2-20-0.2-50,600,5,2,20,0.2,50,912,30954,0.9,0,0.0,0.0,236.958543,236.959,1,2,2902,938,874,1090
26-2-20-0.2-90,600,5,2,20,0.2,90,912,30954,0.7,0,0.0,0.0,157.580321,157.580,1,2,2387,807,836,744
27-1-20-0.01-10,600,10,1,20,0.01,10,746,33786,4.4,93,0.0,0.4,355.802462,355.802,2,2,4267,1082,1843,1342
27-1-20-0.01-50,600,10,1,20,0.01,50,746,33786,1.7,11,0.0,0.0,341.344129,341.344,2,3,3037,871,1246,920
27-1-20-0.01-90,600,10,1,20,0.01,90,746,33786,2.2,16,0.0,0.2,252.774459,252.774,2,2,3278,1083,1341,854
27-1-20-0.1-10,600,10,1,20,0.1,10,746,33786,5.6,102,0.0,0.5,343.401485,343.401,2,2,4272,1020,1745,1507
27-1-20-0.1-50,600,10,1,20,0.1,50,746,33786,1.2,2,0.0,0.0,329.385334,329.385,2,3,2428,825,1057,546
27-1-20-0.1-90,600,10,1,20,0.1,90,746,33786,2.4,17,0.0,0.2,244.756968,244.757,2,2,3942,1144,1320,1478
27-1-20-0.2-10,600,10,1,20,0.2,10,746,33786,3.7,42,0.0,0.4,330.465067,330.465,1,2,3947,994,1542,1411
27-1-20-0.2-50,600,10,1,20,0.2,50,746,33786,1.5,2,0.0,0.0,316.097784,316.098,2,3,2672,849,1221,602
27-1-20-0.2-90,600,10,1,20,0.2,90,746,33786,2.5,19,0.0,0.1,236.232629,236.233,1,2,3973,1100,1585,1288
27-2-20-0.01-10,600,10,2,20,0.01,10,920,33612,6.2,84,0.0,0.4,356.497556,356.498,2,2,4146,1077,1717,1352
27-2-20-0.01-50,600,10,2,20,0.01,50,920,33612,1.6,11,0.0,0.0,342.057748,342.058,2,3,2764,817,1173,774
27-2-20-0.01-90,600,10,2,20,0.01,90,920,33612,2.9,13,0.0,0.2,254.061374,254.061,2,2,3791,1128,1545,1118
27-2-20-0.1-10,600,10,2,20,0.1,10,920,33612,7.3,92,0.0,0.5,344.662050,344.662,1,2,4511,1168,1831,1512
27-2-20-0.1-50,600,10,2,20,0.1,50,920,33612,1.4,5,0.0,0.0,330.445894,330.446,2,3,2429,822,1095,512
27-2-20-0.1-90,600,10,2,20,0.1,90,920,33612,2.0,22,0.0,0.2,246.295425,246.295,1,2,3845,1263,1276,1306
27-2-20-0.2-10,600,10,2,20,0.2,10,920,33612,3.0,37,0.0,0.2,332.313387,332.313,1,2,3517,914,1465,1138
27-2-20-0.2-50,600,10,2,20,0.2,50,920,33612,1.7,7,0.0,0.0,317.589175,317.589,2,3,3244,1118,1334,792
27-2-20-0.2-90,600,10,2,20,0.2,90,920,33612,2.0,13,0.0,0.1,238.217578,238.218,1,2,3694,1151,1343,1200
28-1-20-0.01-10,600,60,1,20,0.01,10,760,34540,TL,168844,0.1,0.4,520.377208,521.102,8,3,8742,2082,3225,3435
28-1-20-0.01-50,600,60,1,20,0.01,50,760,34540,TL,168412,0.1,0.3,511.022340,511.525,10,4,8590,2063,3497,3030
28-1-20-0.01-90,600,60,1,20,0.01,90,760,34540,11.7,411,0.0,0.1,464.864010,464.864,13,7,3233,964,1419,850
28-1-20-0.1-10,600,60,1,20,0.1,10,760,34540,TL,200282,0.1,0.3,501.652799,502.092,8,2,8898,2103,3158,3637
28-1-20-0.1-50,600,60,1,20,0.1,50,760,34540,TL,141112,0.0,0.3,491.586649,491.864,7,4,7363,1847,2825,2691
28-1-20-0.1-90,600,60,1,20,0.1,90,760,34540,29.7,2902,0.0,0.1,444.685067,444.685,12,7,3585,1008,1801,776
28-1-20-0.2-10,600,60,1,20,0.2,10,760,34540,TL,207433,0.1,0.3,481.165219,481.601,3,3,8752,1906,3022,3824
28-1-20-0.2-50,600,60,1,20,0.2,50,760,34540,1953.8,174843,0.0,0.2,470.499217,470.499,5,4,7369,1468,4097,1804
28-1-20-0.2-90,600,60,1,20,0.2,90,760,34540,18.3,930,0.0,0.1,422.817900,422.818,9,7,3175,888,1407,880
28-2-20-0.01-10,600,60,2,20,0.01,10,924,34376,TL,147166,0.2,0.4,520.933545,521.788,10,3,9468,2437,3074,3957
28-2-20-0.01-50,600,60,2,20,0.01,50,924,34376,TL,155048,0.1,0.4,511.312325,511.854,8,4,8466,2234,3345,2887
28-2-20-0.01-90,600,60,2,20,0.01,90,924,34376,52.4,6208,0.0,0.2,466.361882,466.362,11,7,4089,1082,1851,1156
28-2-20-0.1-10,600,60,2,20,0.1,10,924,34376,TL,186900,0.1,0.4,503.342793,504.013,5,3,8114,1918,3173,3023
28-2-20-0.1-50,600,60,2,20,0.1,50,924,34376,TL,246641,0.0,0.3,493.062367,493.339,9,4,6888,1676,3142,2070
28-2-20-0.1-90,600,60,2,20,0.1,90,924,34376,44.4,4418,0.0,0.2,446.821535,446.822,11,7,4238,995,1871,1372
28-2-20-0.2-10,600,60,2,20,0.2,10,924,34376,TL,198725,0.1,0.3,484.767726,485.071,2,2,9120,1933,3115,4072
28-2-20-0.2-50,600,60,2,20,0.2,50,924,34376,2466.3,231752,0.0,0.2,473.278523,473.279,5,4,6442,1553,2794,2095
28-2-20-0.2-90,600,60,2,20,0.2,90,924,34376,20.3,1013,0.0,0.1,425.729244,425.729,9,7,3466,967,1365,1134
29-1-20-0.01-10,600,120,1,20,0.01,10,746,29936,TL,120217,0.3,0.5,573.104105,574.778,21,3,10604,2508,3756,4340
29-1-20-0.01-50,600,120,1,20,0.01,50,746,29936,TL,114327,0.1,0.3,562.872210,563.509,24,3,8006,1855,3035,3116
29-1-20-0.01-90,600,120,1,20,0.01,90,746,29936,1760.6,280415,0.0,0.3,489.160718,489.161,18,4,6778,1162,2612,3004
29-1-20-0.1-10,600,120,1,20,0.1,10,746,29936,TL,130619,0.3,0.5,552.804375,554.339,20,4,9594,2119,3302,4173
29-1-20-0.1-50,600,120,1,20,0.1,50,746,29936,TL,112434,0.1,0.3,543.209376,543.571,20,3,7359,1760,2680,2919
29-1-20-0.1-90,600,120,1,20,0.1,90,746,29936,70.5,3411,0.0,0.2,471.442289,471.442,15,4,5021,1009,1836,2176
29-1-20-0.2-10,600,120,1,20,0.2,10,746,29936,TL,94712,0.2,0.4,531.243929,532.614,11,3,11120,1984,3047,6089
29-1-20-0.2-50,600,120,1,20,0.2,50,746,29936,TL,101059,0.0,0.2,521.723987,521.964,13,3,7319,1497,2603,3219
29-1-20-0.2-90,600,120,1,20,0.2,90,746,29936,48.3,2941,0.0,0.1,452.336880,452.337,15,4,4374,1068,1806,1500
29-2-20-0.01-10,600,120,2,20,0.01,10,914,29768,TL,77663,0.4,0.6,572.959517,575.298,20,3,10538,2569,3329,4640
29-2-20-0.01-50,600,120,2,20,0.01,50,914,29768,TL,138110,0.1,0.4,563.572285,564.340,22,4,8951,2282,3471,3198
29-2-20-0.01-90,600,120,2,20,0.01,90,914,29768,506.8,26983,0.0,0.4,491.458110,491.458,16,5,7437,1389,2266,3782
29-2-20-0.1-10,600,120,2,20,0.1,10,914,29768,TL,74771,0.3,0.6,553.979743,555.858,19,4,11680,2357,3035,6288
29-2-20-0.1-50,600,120,2,20,0.1,50,914,29768,TL,108342,0.0,0.3,544.988021,545.279,19,3,7794,1719,2686,3389
29-2-20-0.1-90,600,120,2,20,0.1,90,914,29768,993.5,117826,0.0,0.3,474.109260,474.109,15,4,5712,1080,2484,2148
29-2-20-0.2-10,600,120,2,20,0.2,10,914,29768,TL,72382,0.2,0.4,534.267569,535.418,11,2,11112,1946,2541,6625
29-2-20-0.2-50,600,120,2,20,0.2,50,914,29768,TL,152754,0.1,0.3,524.890692,525.355,14,3,7751,1444,2669,3638
29-2-20-0.2-90,600,120,2,20,0.2,90,914,29768,235.1,23996,0.0,0.2,455.520652,455.521,13,4,5270,1096,2232,1942
30-1-20-0.01-10,600,200,1,20,0.01,10,686,21894,TL,69301,0.3,0.4,593.374209,595.029,19,7,10305,2834,3241,4230
30-1-20-0.01-50,600,200,1,20,0.01,50,686,21894,TL,115983,0.3,0.5,589.788766,591.403,22,7,9656,2385,3849,3422
30-1-20-0.01-90,600,200,1,20,0.01,90,686,21894,74.1,3203,0.0,0.2,554.070131,554.070,20,5,5996,1102,2318,2576
30-1-20-0.1-10,600,200,1,20,0.1,10,686,21894,TL,63580,0.3,0.5,574.120964,575.688,16,5,11884,2174,3025,6685
30-1-20-0.1-50,600,200,1,20,0.1,50,686,21894,TL,99781,0.3,0.6,569.092464,570.626,16,6,10024,2030,4014,3980
30-1-20-0.1-90,600,200,1,20,0.1,90,686,21894,160.1,8850,0.0,0.2,535.277053,535.277,20,5,6241,1064,2377,2800
30-1-20-0.2-10,600,200,1,20,0.2,10,686,21894,TL,93856,0.4,0.7,553.634397,556.172,10,4,13636,2013,3105,8518
30-1-20-0.2-50,600,200,1,20,0.2,50,686,21894,TL,78643,0.2,0.5,548.100099,549.445,15,5,9532,1705,3007,4820
30-1-20-0.2-90,600,200,1,20,0.2,90,686,21894,350.1,22126,0.0,0.2,514.801060,514.801,19,5,6405,991,2434,2980
30-2-20-0.01-10,600,200,2,20,0.01,10,842,21738,TL,64239,0.2,0.4,593.906849,595.337,18,7,9831,2537,2994,4300
30-2-20-0.01-50,600,200,2,20,0.01,50,842,21738,TL,91481,0.3,0.6,589.942213,591.828,20,7,10751,2658,3891,4202
30-2-20-0.01-90,600,200,2,20,0.01,90,842,21738,828.9,55589,0.0,0.3,558.314721,558.315,21,6,7810,1262,2744,3804
30-2-20-0.1-10,600,200,2,20,0.1,10,842,21738,TL,87838,0.5,0.7,574.771535,577.566,20,4,11222,1913,2901,6408
30-2-20-0.1-50,600,200,2,20,0.1,50,842,21738,TL,104151,0.3,0.6,570.381433,572.132,17,6,10457,1992,3953,4512
30-2-20-0.1-90,600,200,2,20,0.1,90,842,21738,1347.4,66781,0.0,0.4,540.034538,540.035,19,5,7622,1206,2712,3704
30-2-20-0.2-10,600,200,2,20,0.2,10,842,21738,TL,79564,0.3,0.5,559.201541,560.684,10,4,12862,1931,2495,8436
30-2-20-0.2-50,600,200,2,20,0.2,50,842,21738,TL,114900,0.2,0.5,551.798306,553.203,13,4,10563,1836,3043,5684
30-2-20-0.2-90,600,200,2,20,0.2,90,842,21738,TL,178542,0.1,0.4,520.214516,520.642,19,5,7565,1140,2717,3708
31-1-20-0.01-10,700,5,1,20,0.01,10,908,66054,6.6,37,0.0,0.9,369.698079,369.698,0,1,5904,1740,2762,1402
31-1-20-0.01-50,700,5,1,20,0.01,50,908,66054,4.6,11,0.0,0.5,359.199374,359.199,1,2,5544,1792,2113,1639
31-1-20-0.01-90,700,5,1,20,0.01,90,908,66054,2.7,3,0.0,0.0,285.673047,285.673,1,2,2810,988,1266,556
31-1-20-0.1-10,700,5,1,20,0.1,10,908,66054,7.5,57,0.0,1.1,358.642924,358.643,0,1,6327,1904,2322,2101
31-1-20-0.1-50,700,5,1,20,0.1,50,908,66054,4.8,17,0.0,0.7,347.218919,347.219,0,1,4928,1658,2084,1186
31-1-20-0.1-90,700,5,1,20,0.1,90,908,66054,1.3,0,0.0,0.0,276.190313,276.190,1,2,2678,1002,1112,564
31-1-20-0.2-10,700,5,1,20,0.2,10,908,66054,7.7,41,0.0,1.5,347.076000,347.076,0,1,6752,2184,2107,2461
31-1-20-0.2-50,700,5,1,20,0.2,50,908,66054,4.5,17,0.0,0.6,334.973295,334.973,0,1,5732,1784,2396,1552
31-1-20-0.2-90,700,5,1,20,0.2,90,908,66054,1.2,0,0.0,0.0,265.653943,265.654,1,2,2550,1014,1092,444
31-2-20-0.01-10,700,5,2,20,0.01,10,1186,65776,7.9,43,0.0,0.9,370.610592,370.611,0,1,8549,2110,4407,2032
31-2-20-0.01-50,700,5,2,20,0.01,50,1186,65776,5.6,17,0.0,0.5,360.057381,360.057,1,2,6657,2086,2718,1853
31-2-20-0.01-90,700,5,2,20,0.01,90,1186,65776,2.5,0,0.0,0.0,288.844386,288.844,1,2,2878,1002,1117,759
31-2-20-0.1-10,700,5,2,20,0.1,10,1186,65776,8.3,39,0.0,1.0,359.848088,359.848,0,1,7384,2094,3355,1935
31-2-20-0.1-50,700,5,2,20,0.1,50,1186,65776,4.9,11,0.0,0.6,348.305006,348.305,0,1,5566,1929,2108,1529
31-2-20-0.1-90,700,5,2,20,0.1,90,1186,65776,1.6,0,0.0,0.0,279.490756,279.491,1,2,2705,995,1093,617
31-2-20-0.2-10,700,5,2,20,0.2,10,1186,65776,10.8,37,0.0,1.2,348.484239,348.484,0,1,6806,2171,2572,2063
31-2-20-0.2-50,700,5,2,20,0.2,50,1186,65776,5.5,19,0.0,0.5,336.356256,336.356,0,1,5928,1759,2769,1400
31-2-20-0.2-90,700,5,2,20,0.2,90,1186,65776,1.4,0,0.0,0.0,269.097834,269.098,1,2,2529,1006,1079,444
32-1-20-0.01-10,700,10,1,20,0.01,10,904,51788,26.8,197,0.0,0.8,420.547978,420.548,0,1,8905,2622,2885,3398
32-1-20-0.01-50,700,10,1,20,0.01,50,904,51788,11.3,81,0.0,0.7,390.528693,390.529,2,2,6425,1769,2208,2448
32-1-20-0.01-90,700,10,1,20,0.01,90,904,51788,5.8,19,0.0,0.3,269.876221,269.876,2,3,6109,1562,2629,1918
32-1-20-0.1-10,700,10,1,20,0.1,10,904,51788,21.3,182,0.0,0.8,406.975679,406.976,0,1,6985,2147,2406,2432
32-1-20-0.1-50,700,10,1,20,0.1,50,904,51788,10.9,89,0.0,0.7,377.253473,377.253,1,2,6906,1967,1871,3068
32-1-20-0.1-90,700,10,1,20,0.1,90,904,51788,5.2,23,0.0,0.3,259.783125,259.783,1,2,5416,1539,2065,1812
32-1-20-0.2-10,700,10,1,20,0.2,10,904,51788,19.3,137,0.0,0.7,391.895347,391.895,0,1,6656,2058,2332,2266
32-1-20-0.2-50,700,10,1,20,0.2,50,904,51788,11.6,101,0.0,0.7,362.802709,362.803,1,2,6896,1923,2322,2651
32-1-20-0.2-90,700,10,1,20,0.2,90,904,51788,4.0,19,0.0,0.2,249.119298,249.119,1,2,5225,1487,1938,1800
32-2-20-0.01-10,700,10,2,20,0.01,10,1152,51540,29.8,213,0.0,0.9,421.012070,421.012,0,1,8940,2553,2500,3887
32-2-20-0.01-50,700,10,2,20,0.01,50,1152,51540,15.9,131,0.0,0.8,390.701166,390.701,2,2,6782,1839,2399,2544
32-2-20-0.01-90,700,10,2,20,0.01,90,1152,51540,6.5,53,0.0,0.5,271.579690,271.580,2,3,6236,1542,2824,1870
32-2-20-0.1-10,700,10,2,20,0.1,10,1152,51540,22.4,169,0.0,0.8,407.914867,407.915,0,1,7189,2037,2560,2592
32-2-20-0.1-50,700,10,2,20,0.1,50,1152,51540,13.2,133,0.0,0.8,377.890347,377.890,1,2,7485,2067,2328,3090
32-2-20-0.1-90,700,10,2,20,0.1,90,1152,51540,3.9,27,0.0,0.4,262.156535,262.157,1,2,4912,1462,1912,1538
32-2-20-0.2-10,700,10,2,20,0.2,10,1152,51540,14.6,111,0.0,0.8,393.362419,393.362,0,1,6760,2053,2236,2471
32-2-20-0.2-50,700,10,2,20,0.2,50,1152,51540,14.9,105,0.0,0.8,363.917965,363.918,0,1,7060,1942,2365,2753
32-2-20-0.2-90,700,10,2,20,0.2,90,1152,51540,4.7,35,0.0,0.4,251.786617,251.787,1,2,5234,1377,2065,1792
33-1-20-0.01-10,700,70,1,20,0.01,10,896,50622,TL,104670,0.1,0.3,648.821474,649.778,11,2,9722,2739,3526,3457
33-1-20-0.01-50,700,70,1,20,0.01,50,896,50622,TL,264847,0.0,0.2,639.167418,639.362,13,4,7041,2190,2961,1890
33-1-20-0.01-90,700,70,1,20,0.01,90,896,50622,29.8,1339,0.0,0.1,576.839734,576.840,18,5,3708,1149,1703,856
33-1-20-0.1-10,700,70,1,20,0.1,10,896,50622,TL,67027,0.1,0.3,624.181585,624.712,7,2,8784,2330,2760,3694
33-1-20-0.1-50,700,70,1,20,0.1,50,896,50622,1097.0,110871,0.0,0.1,614.389449,614.389,11,3,6746,1862,2986,1898
33-1-20-0.1-90,700,70,1,20,0.1,90,896,50622,34.2,1621,0.0,0.1,551.874737,551.875,17,5,4192,1299,1893,1000
33-1-20-0.2-10,700,70,1,20,0.2,10,896,50622,TL,84696,0.0,0.2,597.397628,597.693,3,2,9375,2197,3476,3702
33-1-20-0.2-50,700,70,1,20,0.2,50,896,50622,389.8,34980,0.0,0.1,587.549727,587.550,6,3,6357,1658,3085,1614
33-1-20-0.2-90,700,70,1,20,0.2,90,896,50622,61.7,5187,0.0,0.1,524.408143,524.408,16,4,4317,1176,2155,986
33-2-20-0.01-10,700,70,2,20,0.01,10,1140,50378,TL,104975,0.1,0.3,649.410527,650.323,11,2,9993,2545,3601,3847
33-2-20-0.01-50,700,70,2,20,0.01,50,1140,50378,TL,202864,0.0,0.2,639.821263,640.144,14,4,9303,2405,4237,2661
33-2-20-0.01-90,700,70,2,20,0.01,90,1140,50378,61.5,3754,0.0,0.2,579.898117,579.898,17,5,3969,1141,1866,962
33-2-20-0.1-10,700,70,2,20,0.1,10,1140,50378,TL,97932,0.1,0.3,625.822103,626.736,5,2,10256,2286,3906,4064
33-2-20-0.1-50,700,70,2,20,0.1,50,1140,50378,931.9,86718,0.0,0.1,616.434538,616.435,11,3,6737,1916,2783,2038
33-2-20-0.1-90,700,70,2,20,0.1,90,1140,50378,44.5,2593,0.0,0.1,555.813904,555.814,17,4,3709,1129,1702,878
33-2-20-0.2-10,700,70,2,20,0.2,10,1140,50378,TL,66781,0.0,0.2,601.019947,601.270,2,2,9123,2327,2560,4236
33-2-20-0.2-50,700,70,2,20,0.2,50,1140,50378,254.3,17654,0.0,0.1,591.008815,591.009,8,3,5784,1786,2204,1794
33-2-20-0.2-90,700,70,2,20,0.2,90,1140,50378,66.7,4196,0.0,0.1,529.468653,529.469,15,4,4305,1062,2199,1044
34-1-20-0.01-10,700,140,1,20,0.01,10,902,59830,TL,70210,0.1,0.3,693.369905,694.153,13,6,8378,2708,2248,3422
34-1-20-0.01-50,700,140,1,20,0.01,50,902,59830,TL,88790,0.2,0.4,688.849577,690.341,20,6,7889,2518,2756,2615
34-1-20-0.01-90,700,140,1,20,0.01,90,902,59830,TL,373218,0.0,0.2,640.710878,640.787,23,6,6767,1499,3190,2078
34-1-20-0.1-10,700,140,1,20,0.1,10,902,59830,TL,56863,0.1,0.2,668.017788,668.763,11,5,12694,3356,2559,6779
34-1-20-0.1-50,700,140,1,20,0.1,50,902,59830,TL,102181,0.1,0.3,662.960338,663.793,13,6,8510,2179,3049,3282
34-1-20-0.1-90,700,140,1,20,0.1,90,902,59830,2436.7,264355,0.0,0.1,615.016181,615.016,22,6,6252,1378,2986,1888
34-1-20-0.2-10,700,140,1,20,0.2,10,902,59830,TL,81749,0.1,0.2,642.110312,642.517,3,3,9615,2426,2001,5188
34-1-20-0.2-50,700,140,1,20,0.2,50,902,59830,TL,82889,0.1,0.2,635.219301,635.642,10,5,8043,1855,2479,3709
34-1-20-0.2-90,700,140,1,20,0.2,90,902,59830,1122.8,81370,0.0,0.1,587.003912,587.004,19,6,7176,1404,2976,2796
34-2-20-0.01-10,700,140,2,20,0.01,10,1162,59570,TL,58490,0.1,0.3,693.645819,694.516,13,5,8733,2811,2451,3471
34-2-20-0.01-50,700,140,2,20,0.01,50,1162,59570,TL,104102,0.2,0.3,689.695890,690.882,17,7,8674,2654,3142,2878
34-2-20-0.01-90,700,140,2,20,0.01,90,1162,59570,TL,236007,0.0,0.2,643.596930,643.789,22,6,6499,1268,3099,2132
34-2-20-0.1-10,700,140,2,20,0.1,10,1162,59570,TL,83585,0.1,0.3,670.271586,671.199,11,4,9545,2290,2306,4949
34-2-20-0.1-50,700,140,2,20,0.1,50,1162,59570,TL,77109,0.2,0.4,664.598376,665.879,15,6,7964,2095,2625,3244
34-2-20-0.1-90,700,140,2,20,0.1,90,1162,59570,TL,307601,0.0,0.2,618.891112,619.100,19,6,6895,1395,3146,2354
34-2-20-0.2-10,700,140,2,20,0.2,10,1162,59570,TL,106218,0.1,0.2,647.735403,648.129,5,3,8632,2169,2055,4408
34-2-20-0.2-50,700,140,2,20,0.2,50,1162,59570,TL,114100,0.1,0.3,639.446122,640.308,7,4,8746,2026,2855,3865
34-2-20-0.2-90,700,140,2,20,0.2,90,1162,59570,TL,243605,0.0,0.2,591.957538,592.060,17,6,7253,1378,3011,2864
35-1-20-0.01-10,800,5,1,20,0.01,10,1100,145746,8.1,17,0.0,0.2,553.080184,553.080,0,1,5999,2064,2855,1080
35-1-20-0.01-50,800,5,1,20,0.01,50,1100,145746,11.9,29,0.0,0.6,532.112597,532.113,0,1,7162,2442,3228,1492
35-1-20-0.01-90,800,5,1,20,0.01,90,1100,145746,3.6,5,0.0,0.1,498.985821,498.986,1,2,2654,963,1293,398
35-1-20-0.1-10,800,5,1,20,0.1,10,1100,145746,6.8,11,0.0,0.1,534.220805,534.221,0,1,5377,1915,2182,1280
35-1-20-0.1-50,800,5,1,20,0.1,50,1100,145746,15.2,35,0.0,0.6,513.707980,513.708,0,1,8404,2592,3588,2224
35-1-20-0.1-90,800,5,1,20,0.1,90,1100,145746,2.7,0,0.0,0.0,478.284261,478.284,1,2,3467,1000,1625,842
35-1-20-0.2-10,800,5,1,20,0.2,10,1100,145746,7.1,17,0.0,0.2,513.265941,513.266,0,1,5269,2046,2025,1198
35-1-20-0.2-50,800,5,1,20,0.2,50,1100,145746,11.1,25,0.0,0.6,493.191278,493.191,0,1,7192,2159,3814,1219
35-1-20-0.2-90,800,5,1,20,0.2,90,1100,145746,2.5,0,0.0,0.0,455.282528,455.283,1,2,3128,929,1574,625
35-2-20-0.01-10,800,5,2,20,0.01,10,1460,145386,8.2,19,0.0,0.2,553.558582,553.559,0,1,6073,1904,3000,1169
35-2-20-0.01-50,800,5,2,20,0.01,50,1460,145386,15.0,28,0.0,0.6,532.530932,532.531,0,1,7707,2460,3370,1877
35-2-20-0.01-90,800,5,2,20,0.01,90,1460,145386,3.0,5,0.0,0.0,499.885917,499.886,1,2,2752,977,1379,396
35-2-20-0.1-10,800,5,2,20,0.1,10,1460,145386,7.8,15,0.0,0.2,535.115237,535.115,0,1,5329,1893,2428,1008
35-2-20-0.1-50,800,5,2,20,0.1,50,1460,145386,11.7,27,0.0,0.6,514.409951,514.410,0,1,7915,2680,3000,2235
35-2-20-0.1-90,800,5,2,20,0.1,90,1460,145386,3.9,3,0.0,0.0,479.594071,479.594,1,2,3139,926,1733,480
35-2-20-0.2-10,800,5,2,20,0.2,10,1460,145386,9.4,13,0.0,0.2,514.622633,514.623,0,1,5500,2039,1918,1543
35-2-20-0.2-50,800,5,2,20,0.2,50,1460,145386,11.4,29,0.0,0.6,494.217743,494.218,0,1,7203,1839,3607,1757
35-2-20-0.2-90,800,5,2,20,0.2,90,1460,145386,2.4,0,0.0,0.0,457.047576,457.048,1,2,3677,926,2029,722
36-1-20-0.01-10,800,10,1,20,0.01,10,1034,93998,53.2,261,0.0,0.9,557.817253,557.817,0,1,8311,2452,3311,2548
36-1-20-0.01-50,800,10,1,20,0.01,50,1034,93998,30.3,162,0.0,0.6,548.128796,548.129,0,1,10295,3385,4069,2841
36-1-20-0.01-90,800,10,1,20,0.01,90,1034,93998,6.2,29,0.0,0.2,516.062197,516.062,0,1,5204,1421,2137,1646
36-1-20-0.1-10,800,10,1,20,0.1,10,1034,93998,56.2,295,0.0,1.0,537.854839,537.855,0,1,9845,2866,3169,3810
36-1-20-0.1-50,800,10,1,20,0.1,50,1034,93998,32.1,152,0.0,0.6,528.309064,528.309,0,1,9659,3372,3282,3005
36-1-20-0.1-90,800,10,1,20,0.1,90,1034,93998,5.4,15,0.0,0.2,497.593534,497.594,0,1,5623,1455,2152,2016
36-1-20-0.2-10,800,10,1,20,0.2,10,1034,93998,53.2,323,0.0,1.0,515.814694,515.815,0,1,8499,2562,3214,2723
36-1-20-0.2-50,800,10,1,20,0.2,50,1034,93998,32.6,167,0.0,0.6,506.287140,506.287,0,1,8961,2886,3681,2394
36-1-20-0.2-90,800,10,1,20,0.2,90,1034,93998,5.3,9,0.0,0.0,477.072798,477.073,0,1,5327,1482,1831,2014
36-2-20-0.01-10,800,10,2,20,0.01,10,1366,93666,41.1,213,0.0,0.9,558.207068,558.207,0,1,9120,2767,3966,2387
36-2-20-0.01-50,800,10,2,20,0.01,50,1366,93666,30.4,153,0.0,0.6,548.325854,548.326,0,1,9990,2977,4202,2811
36-2-20-0.01-90,800,10,2,20,0.01,90,1366,93666,5.4,23,0.0,0.2,516.387696,516.388,0,1,5588,1522,2327,1739
36-2-20-0.1-10,800,10,2,20,0.1,10,1366,93666,43.7,216,0.0,1.0,538.880380,538.880,0,1,8722,2454,3697,2571
36-2-20-0.1-50,800,10,2,20,0.1,50,1366,93666,30.7,164,0.0,0.7,528.957059,528.957,0,1,10185,3160,3558,3467
36-2-20-0.1-90,800,10,2,20,0.1,90,1366,93666,5.0,18,0.0,0.1,498.490840,498.491,0,1,4450,1377,1853,1220
36-2-20-0.2-10,800,10,2,20,0.2,10,1366,93666,42.9,210,0.0,1.0,517.512691,517.513,0,1,8295,2392,3085,2818
36-2-20-0.2-50,800,10,2,20,0.2,50,1366,93666,30.2,167,0.0,0.7,507.568382,507.568,0,1,8870,2806,3824,2240
36-2-20-0.2-90,800,10,2,20,0.2,90,1366,93666,5.1,6,0.0,0.0,478.605445,478.605,0,1,5012,1493,1543,1976
37-1-20-0.01-10,800,80,1,20,0.01,10,994,73610,TL,88304,0.1,0.2,762.096699,763.069,14,2,9639,3364,3600,2675
37-1-20-0.01-50,800,80,1,20,0.01,50,994,73610,TL,91090,0.1,0.2,752.072997,752.777,17,3,8471,2677,3204,2590
37-1-20-0.01-90,800,80,1,20,0.01,90,994,73610,66.9,2837,0.0,0.1,711.094393,711.094,22,5,5020,1319,2541,1160
37-1-20-0.1-10,800,80,1,20,0.1,10,994,73610,TL,92622,0.1,0.2,732.440458,733.020,7,2,8541,2536,3006,2999
37-1-20-0.1-50,800,80,1,20,0.1,50,994,73610,TL,153857,0.1,0.2,722.388352,722.890,11,2,7949,1979,3955,2015
37-1-20-0.1-90,800,80,1,20,0.1,90,994,73610,118.1,7580,0.0,0.1,679.426664,679.427,19,5,5249,1269,2872,1108
37-1-20-0.2-10,800,80,1,20,0.2,10,994,73610,TL,112209,0.1,0.2,699.956712,700.657,2,2,8184,2362,3213,2609
37-1-20-0.2-50,800,80,1,20,0.2,50,994,73610,TL,170652,0.0,0.1,689.947105,690.313,6,2,7649,1938,3184,2527
37-1-20-0.2-90,800,80,1,20,0.2,90,994,73610,120.5,11142,0.0,0.1,644.956446,644.956,20,4,5178,1404,2866,908
37-2-20-0.01-10,800,80,2,20,0.01,10,1306,73298,TL,90530,0.1,0.2,762.396434,763.292,13,3,10007,3400,3726,2881
37-2-20-0.01-50,800,80,2,20,0.01,50,1306,73298,TL,103077,0.1,0.2,752.282432,753.132,15,3,8767,2574,3764,2429
37-2-20-0.01-90,800,80,2,20,0.01,90,1306,73298,120.7,10214,0.0,0.1,711.537195,711.537,22,5,5042,1273,2639,1130
37-2-20-0.1-10,800,80,2,20,0.1,10,1306,73298,TL,96081,0.1,0.2,734.149998,735.126,4,2,9256,2688,3810,2758
37-2-20-0.1-50,800,80,2,20,0.1,50,1306,73298,TL,154091,0.1,0.2,724.084924,724.651,10,2,7432,1981,3326,2125
37-2-20-0.1-90,800,80,2,20,0.1,90,1306,73298,190.1,14268,0.0,0.2,680.945218,680.945,19,5,5014,1311,2643,1060
37-2-20-0.2-10,800,80,2,20,0.2,10,1306,73298,TL,114175,0.0,0.1,704.384089,704.694,2,2,8801,2353,3542,2906
37-2-20-0.2-50,800,80,2,20,0.2,50,1306,73298,TL,173156,0.0,0.1,693.520954,693.789,6,2,7941,2014,3058,2869
37-2-20-0.2-90,800,80,2,20,0.2,90,1306,73298,135.0,7618,0.0,0.2,647.970139,647.970,19,4,5821,1574,3013,1234
38-1-20-0.01-10,900,5,1,20,0.01,10,1246,227712,23.6,67,0.0,0.7,673.328195,673.328,0,1,6847,2686,2340,1821
38-1-20-0.01-50,900,5,1,20,0.01,50,1246,227712,16.0,35,0.0,0.4,665.468136,665.468,1,2,6853,2523,2723,1607
38-1-20-0.01-90,900,5,1,20,0.01,90,1246,227712,7.7,5,0.0,0.1,588.009102,588.009,1,2,4870,1536,1992,1342
38-1-20-0.1-10,900,5,1,20,0.1,10,1246,227712,26.7,59,0.0,0.8,648.910604,648.911,0,1,7042,2339,2323,2380
38-1-20-0.1-50,900,5,1,20,0.1,50,1246,227712,18.3,35,0.0,0.5,639.296070,639.296,1,2,7339,2780,2708,1851
38-1-20-0.1-90,900,5,1,20,0.1,90,1246,227712,11.1,11,0.0,0.1,567.033343,567.033,1,2,6564,1589,2822,2153
38-1-20-0.2-10,900,5,1,20,0.2,10,1246,227712,17.6,52,0.0,0.6,622.030483,622.030,0,1,6696,1849,2283,2564
38-1-20-0.2-50,900,5,1,20,0.2,50,1246,227712,17.1,39,0.0,0.8,610.215996,610.216,1,2,5970,2154,2569,1247
38-1-20-0.2-90,900,5,1,20,0.2,90,1246,227712,13.1,17,0.0,0.2,543.726944,543.727,1,2,7034,1630,3078,2326
38-2-20-0.01-10,900,5,2,20,0.01,10,1686,227272,26.5,96,0.0,0.8,673.847644,673.848,0,1,6615,2512,2158,1945
38-2-20-0.01-50,900,5,2,20,0.01,50,1686,227272,19.8,39,0.0,0.5,665.838521,665.839,1,2,7405,2750,2724,1931
38-2-20-0.01-90,900,5,2,20,0.01,90,1686,227272,10.0,7,0.0,0.1,588.740923,588.741,1,2,4927,1503,1977,1447
38-2-20-0.1-10,900,5,2,20,0.1,10,1686,227272,22.8,53,0.0,0.6,649.932646,649.933,0,1,6671,2085,2171,2415
38-2-20-0.1-50,900,5,2,20,0.1,50,1686,227272,18.9,29,0.0,0.6,639.966630,639.967,1,2,6754,2249,2945,1560
38-2-20-0.1-90,900,5,2,20,0.1,90,1686,227272,10.6,9,0.0,0.1,568.073072,568.073,1,2,6118,1642,2569,1907
38-2-20-0.2-10,900,5,2,20,0.2,10,1686,227272,16.8,35,0.0,0.8,623.413517,623.414,0,1,5970,1942,2242,1786
38-2-20-0.2-50,900,5,2,20,0.2,50,1686,227272,18.0,49,0.0,0.7,611.220085,611.220,1,2,7777,2401,3121,2255
38-2-20-0.2-90,900,5,2,20,0.2,90,1686,227272,15.3,11,0.0,0.3,545.108793,545.109,1,2,7175,1696,3446,2033
39-1-20-0.01-10,900,10,1,20,0.01,10,1246,231030,41.9,128,0.0,0.3,781.330311,781.330,1,2,7120,3106,2603,1411
39-1-20-0.01-50,900,10,1,20,0.01,50,1246,231030,39.2,111,0.0,0.2,774.576411,774.576,2,3,7188,2317,2993,1878
39-1-20-0.01-90,900,10,1,20,0.01,90,1246,231030,14.5,39,0.0,0.1,734.125075,734.125,3,2,5997,1907,3136,954
39-1-20-0.1-10,900,10,1,20,0.1,10,1246,231030,39.8,103,0.0,0.3,749.261498,749.261,1,2,6874,3051,2373,1450
39-1-20-0.1-50,900,10,1,20,0.1,50,1246,231030,60.6,230,0.0,0.3,741.283557,741.284,2,3,5764,1864,2972,928
39-1-20-0.1-90,900,10,1,20,0.1,90,1246,231030,15.1,27,0.0,0.2,703.631127,703.631,3,2,7048,2074,3061,1913
39-1-20-0.2-10,900,10,1,20,0.2,10,1246,231030,29.9,103,0.0,0.2,713.629484,713.629,1,2,6424,2573,2755,1096
39-1-20-0.2-50,900,10,1,20,0.2,50,1246,231030,61.6,195,0.0,0.3,705.212720,705.213,1,2,6821,2624,2943,1254
39-1-20-0.2-90,900,10,1,20,0.2,90,1246,231030,22.9,47,0.0,0.2,669.748962,669.749,3,2,6793,1554,3880,1359
39-2-20-0.01-10,900,10,2,20,0.01,10,1688,230588,31.9,109,0.0,0.3,781.453938,781.454,1,2,5567,1923,2659,985
39-2-20-0.01-50,900,10,2,20,0.01,50,1688,230588,56.3,160,0.0,0.3,774.684530,774.685,2,3,7722,2100,3395,2227
39-2-20-0.01-90,900,10,2,20,0.01,90,1688,230588,13.1,25,0.0,0.1,734.242615,734.243,3,2,6015,1817,3072,1126
39-2-20-0.1-10,900,10,2,20,0.1,10,1688,230588,37.5,120,0.0,0.3,750.060111,750.060,1,2,6913,3266,2279,1368
39-2-20-0.1-50,900,10,2,20,0.1,50,1688,230588,67.9,251,0.0,0.3,742.018606,742.019,2,2,6031,1987,2922,1122
39-2-20-0.1-90,900,10,2,20,0.1,90,1688,230588,15.2,31,0.0,0.2,704.157434,704.157,3,2,6648,1939,3498,1211
39-2-20-0.2-10,900,10,2,20,0.2,10,1688,230588,35.8,99,0.0,0.3,715.178081,715.178,1,2,6913,2631,2332,1950
39-2-20-0.2-50,900,10,2,20,0.2,50,1688,230588,51.7,193,0.0,0.4,706.738509,706.739,1,2,6618,2283,2841,1494
39-2-20-0.2-90,900,10,2,20,0.2,90,1688,230588,23.2,54,0.0,0.3,670.729455,670.729,3,2,6379,1776,3531,1072
40-1-20-0.01-10,900,90,1,20,0.01,10,1170,143338,TL,83519,0.1,0.2,886.881350,887.967,13,5,8724,3069,3281,2374
40-1-20-0.01-50,900,90,1,20,0.01,50,1170,143338,TL,80369,0.1,0.2,881.494301,882.258,20,4,7823,2585,2688,2550
40-1-20-0.01-90,900,90,1,20,0.01,90,1170,143338,139.5,5723,0.0,0.1,856.588894,856.589,20,4,4091,1285,1967,839
40-1-20-0.1-10,900,90,1,20,0.1,10,1170,143338,TL,67949,0.1,0.2,850.944526,851.577,8,3,8189,2799,2360,3030
40-1-20-0.1-50,900,90,1,20,0.1,50,1170,143338,TL,89376,0.1,0.2,845.220650,845.960,17,3,7328,2284,2481,2563
40-1-20-0.1-90,900,90,1,20,0.1,90,1170,143338,376.7,33810,0.0,0.1,819.520132,819.520,20,4,4675,1497,2169,1009
40-1-20-0.2-10,900,90,1,20,0.2,10,1170,143338,TL,73911,0.0,0.1,812.664646,813.037,7,3,7593,2400,2201,2992
40-1-20-0.2-50,900,90,1,20,0.2,50,1170,143338,TL,78405,0.0,0.1,806.370732,806.718,10,3,7003,2070,2316,2617
40-1-20-0.2-90,900,90,1,20,0.2,90,1170,143338,382.1,33084,0.0,0.1,779.204398,779.204,15,4,4893,1652,2206,1035
40-2-20-0.01-10,900,90,2,20,0.01,10,1534,142974,TL,67073,0.1,0.2,887.060957,888.007,14,4,8320,3198,2855,2267
40-2-20-0.01-50,900,90,2,20,0.01,50,1534,142974,TL,96507,0.1,0.2,881.647324,882.549,20,4,8563,2758,3255,2550
40-2-20-0.01-90,900,90,2,20,0.01,90,1534,142974,147.3,6795,0.0,0.1,857.228022,857.228,20,4,4138,1366,1977,795
40-2-20-0.1-10,900,90,2,20,0.1,10,1534,142974,TL,92592,0.1,0.2,852.951037,853.558,8,3,9210,2763,2753,3694
40-2-20-0.1-50,900,90,2,20,0.1,50,1534,142974,TL,76042,0.1,0.2,847.231871,847.892,14,3,7051,2114,2517,2420
40-2-20-0.1-90,900,90,2,20,0.1,90,1534,142974,436.7,33880,0.0,0.1,821.329594,821.330,18,4,4897,1441,2480,976
40-2-20-0.2-10,900,90,2,20,0.2,10,1534,142974,TL,129553,0.0,0.1,817.968896,818.178,5,2,6641,2173,2140,2328
40-2-20-0.2-50,900,90,2,20,0.2,50,1534,142974,TL,105635,0.0,0.1,811.020751,811.361,7,3,7004,2118,2378,2508
40-2-20-0.2-90,900,90,2,20,0.2,90,1534,142974,199.4,12891,0.0,0.1,782.713522,782.714,14,4,4542,1541,1879,1122
