,,,,,B&C-B,,,,,,,,,,,B&C-I,,,,,,,,,,,
id,|I|,K,#C1,#CP,T,N,Gap(%),RGap(%),Obj,UB,nCL,mCL,#Cut,#MaxSM,#ProdSM,T,N,Gap(%),RGap(%),Obj,UB,nCL,mCL,#Cut,#MaxSM,#EOA,#LS
1-5-20-0.2,100,5,114,64,0.0,0,0.0,0.0,14.600000,14.600,0,1,226,113,113,0.0,0,0.0,0.0,14.600000,14.600,0,1,259,112,115,32
2-5-20-0.2,100,10,124,76,0.0,0,0.0,0.0,26.792000,26.792,0,1,250,125,125,0.0,0,0.0,0.0,26.792000,26.792,0,1,283,122,123,38
3-5-20-0.2,100,10,116,100,0.1,2,0.0,0.0,25.653333,25.653,0,1,324,161,163,0.0,0,0.0,0.0,25.653333,25.653,0,1,358,136,122,100
4-5-20-0.2,100,20,106,56,0.0,0,0.0,0.0,35.432000,35.432,0,1,340,170,170,0.0,0,0.0,0.0,35.432000,35.432,0,1,340,142,146,52
5-5-20-0.2,100,33,130,114,0.1,0,0.0,0.0,62.217778,62.218,0,1,397,199,198,0.0,0,0.0,0.0,62.217778,62.218,0,1,344,138,134,72
6-5-20-0.2,200,5,296,430,0.0,0,0.0,0.0,30.133333,30.133,0,1,460,230,230,0.0,0,0.0,0.0,30.133333,30.133,0,1,546,232,248,66
7-5-20-0.2,200,10,292,592,0.2,8,0.0,0.0,50.481244,50.481,0,1,673,340,333,0.1,2,0.0,0.0,50.481244,50.481,0,1,824,295,277,252
8-5-20-0.2,200,20,278,418,3.1,0,0.0,0.0,69.795141,69.795,0,1,716,358,358,0.1,0,0.0,0.0,69.795141,69.795,0,1,703,272,285,146
9-5-20-0.2,200,40,302,502,1.3,88,0.0,0.4,118.104119,118.104,0,1,872,450,422,0.2,17,0.0,0.0,118.104119,118.104,0,1,1163,380,303,480
10-5-20-0.2,200,67,328,900,87.6,3469,0.0,1.1,158.933987,158.934,0,1,2016,823,1193,2.1,680,0.0,0.3,158.933987,158.934,0,1,2090,546,326,1218
11-5-20-0.2,300,5,534,2358,0.7,27,0.0,0.8,62.527526,62.528,0,1,1116,540,576,0.3,3,0.0,0.0,62.527526,62.528,0,1,1272,465,420,387
12-5-20-0.2,300,10,474,1654,0.4,21,0.0,0.1,80.006222,80.006,0,1,1198,589,609,0.3,9,0.0,0.1,80.006222,80.006,0,1,1352,456,464,432
13-5-20-0.2,300,30,500,2004,61.6,2982,0.0,1.8,154.428772,154.429,0,1,3286,1298,1988,2.4,171,0.0,0.5,154.428772,154.429,0,1,3393,866,561,1966
14-5-20-0.2,300,60,502,1586,3001.9,174610,0.0,1.0,207.545772,207.546,0,1,4050,1529,2521,6.0,422,0.0,0.3,207.545772,207.546,0,1,4173,904,655,2614
15-5-20-0.2,300,100,518,2000,TL,53816,0.5,1.4,250.439986,251.662,0,1,5669,1772,3897,55.6,6719,0.0,0.3,250.454670,250.455,0,1,6306,1222,744,4340
16-5-20-0.2,400,5,874,6918,2.6,58,0.0,2.3,108.968059,108.968,0,1,2804,1380,1424,1.1,13,0.0,0.7,108.968059,108.968,0,1,2759,936,685,1138
17-5-20-0.2,400,10,840,5902,5.1,161,0.0,1.6,147.920273,147.920,0,1,3540,1769,1771,1.8,31,0.0,0.6,147.920273,147.920,0,1,3752,1079,850,1823
18-5-20-0.2,400,40,738,4070,TL,72795,1.8,3.9,237.515576,241.800,0,1,9545,2721,6824,768.3,26173,0.0,1.0,238.045550,238.046,0,1,13264,2122,1406,9736
19-5-20-0.2,400,80,816,4932,TL,10610,1.9,2.5,321.397436,327.585,0,1,9264,2845,6419,1000.4,28366,0.0,0.5,323.155138,323.155,0,1,14247,2173,1586,10488
20-5-20-0.2,400,133,760,4170,TL,1454,2.7,3.1,363.695385,373.603,1,2,7872,2861,5011,TL,135099,0.2,0.7,367.551869,368.377,1,2,13149,1994,1273,9882
21-5-20-0.2,500,5,1186,12832,3.7,31,0.0,1.2,149.161600,149.162,0,1,3529,1540,1989,0.5,0,0.0,0.0,149.161600,149.162,0,1,2249,845,830,574
22-5-20-0.2,500,10,1090,9960,48.3,1146,0.0,3.5,178.498506,178.499,0,1,5611,2262,3349,4.0,67,0.0,1.0,178.498506,178.499,0,1,5741,1810,1197,2734
23-5-20-0.2,500,50,1196,11222,TL,5535,3.9,4.7,361.023350,375.228,1,3,14878,5011,9867,TL,125027,0.5,1.2,363.481235,365.441,1,2,19621,3252,2962,13407
24-5-20-0.2,500,100,1174,11328,TL,1885,3.2,3.5,436.753115,450.523,0,1,13043,4315,8728,TL,156524,0.4,0.7,439.411960,441.270,0,1,20456,3207,2775,14474
25-5-20-0.2,500,167,1258,13962,TL,1891,2.0,2.2,478.828318,488.608,2,2,9314,3066,6248,TL,62861,0.3,0.5,482.424026,484.005,0,1,18774,2909,1871,13994
26-5-20-0.2,600,5,1706,30160,33.5,406,0.0,6.0,221.743919,221.744,0,1,9096,3342,5754,4.7,35,0.0,1.0,221.743919,221.744,0,1,5787,2087,1608,2092
27-5-20-0.2,600,10,1764,32768,TL,26439,3.6,7.7,305.065024,316.063,0,1,38589,5789,32800,197.5,1680,0.0,1.5,305.542315,305.542,1,2,10280,2459,2368,5453
28-5-20-0.2,600,60,1716,33584,TL,978,4.0,4.1,499.878720,519.658,1,2,15556,5279,10277,TL,62417,0.7,0.9,502.789455,506.155,2,2,19083,4066,3836,11181
29-5-20-0.2,600,120,1714,28968,TL,640,2.9,3.1,558.041154,574.456,2,2,9961,4354,5607,TL,51361,0.6,0.8,559.843086,563.386,2,2,16394,3657,2463,10274
30-5-20-0.2,600,200,1570,21010,TL,3912,0.9,1.0,587.734356,593.110,3,2,7087,2313,4774,TL,146594,0.2,0.3,590.090380,591.542,2,2,14056,2558,2176,9322
31-5-20-0.2,700,5,2542,64420,2911.2,28579,0.0,9.2,314.322815,314.323,0,1,40630,7559,33071,56.0,216,0.0,3.3,314.322815,314.323,0,1,12730,3665,2609,6456
32-5-20-0.2,700,10,2218,50474,TL,21615,3.5,6.8,373.565230,386.636,0,1,35845,6690,29155,38.1,191,0.0,0.8,374.870689,374.871,0,1,9917,3025,2617,4275
33-5-20-0.2,700,70,2268,49250,TL,725,3.8,3.9,616.870746,640.154,1,2,18370,6171,12199,TL,41570,0.5,0.7,621.064221,623.968,0,1,19422,4664,3739,11019
34-5-20-0.2,700,140,2450,58282,TL,723,1.3,1.3,677.665551,686.227,0,1,8400,3593,4807,TL,58719,0.3,0.4,678.992821,681.067,0,1,14361,3609,2396,8356
35-5-20-0.2,800,5,3424,143422,TL,6636,4.0,8.8,460.698259,479.258,0,1,84159,10915,73244,20.4,65,0.0,1.1,460.698259,460.698,0,1,7505,2761,2971,1773
36-5-20-0.2,800,10,3052,91980,TL,8446,6.0,8.2,479.206264,507.881,0,1,34961,8428,26533,TL,31128,0.8,2.1,479.222647,483.008,0,1,25094,4928,7259,12907
37-5-20-0.2,800,80,2762,71842,TL,480,2.8,2.9,724.404104,745.004,2,2,16584,5963,10621,TL,36980,0.4,0.6,726.474278,729.602,0,1,17916,4426,4421,9069
38-5-20-0.2,900,5,4520,224438,TL,3320,8.1,10.6,561.875103,607.127,0,1,68651,10999,57652,232.5,383,0.0,2.1,563.034051,563.034,0,1,19304,4478,3692,11134
39-5-20-0.2,900,10,4450,227826,TL,2199,5.7,6.4,682.763939,721.656,0,1,52258,10247,42011,1248.7,7630,0.0,0.9,682.841890,682.842,0,1,19782,4609,6960,8213
40-5-20-0.2,900,90,3552,140956,TL,365,2.0,2.0,851.648407,868.937,3,2,12536,5093,7443,TL,34881,0.3,0.4,852.960283,855.235,1,2,14748,4553,2959,7236
1-5-20-0.5,100,5,114,64,0.0,0,0.0,0.0,14.600000,14.600,0,1,226,113,113,0.0,0,0.0,0.0,14.600000,14.600,0,1,246,111,115,20
2-5-20-0.5,100,10,124,76,0.0,0,0.0,0.0,26.720000,26.720,0,1,301,147,154,0.0,0,0.0,0.0,26.720000,26.720,0,1,261,116,125,20
3-5-20-0.5,100,10,116,100,0.0,0,0.0,0.0,25.633333,25.633,0,1,260,131,129,0.0,0,0.0,0.0,25.633333,25.633,0,1,338,136,124,78
4-5-20-0.5,100,20,106,56,0.1,0,0.0,0.0,35.420000,35.420,0,1,340,170,170,0.0,0,0.0,0.0,35.420000,35.420,0,1,315,139,152,24
5-5-20-0.5,100,33,130,114,0.1,0,0.0,0.0,62.111111,62.111,0,1,285,145,140,0.0,0,0.0,0.0,62.111111,62.111,0,1,326,143,135,48
6-5-20-0.5,200,5,296,430,0.0,0,0.0,0.0,30.133333,30.133,0,1,460,230,230,0.0,0,0.0,0.0,30.133333,30.133,0,1,495,228,245,22
7-5-20-0.5,200,10,292,592,0.1,0,0.0,0.0,50.325778,50.326,0,1,597,304,293,0.1,0,0.0,0.0,50.325778,50.326,0,1,700,269,273,158
8-5-20-0.5,200,20,278,418,0.1,0,0.0,0.0,69.660296,69.660,0,1,540,277,263,0.0,0,0.0,0.0,69.660296,69.660,0,1,650,274,276,100
9-5-20-0.5,200,40,302,502,0.8,66,0.0,0.1,117.590074,117.590,0,1,909,473,436,0.1,3,0.0,0.0,117.590074,117.590,0,1,934,343,289,302
10-5-20-0.5,200,67,328,900,8.4,642,0.0,0.3,157.894001,157.894,0,1,1118,511,607,0.3,33,0.0,0.0,157.894001,157.894,0,1,1206,411,289,506
11-5-20-0.5,300,5,534,2358,0.6,6,0.0,0.0,62.079704,62.080,0,1,992,493,499,0.1,0,0.0,0.0,62.079704,62.080,0,1,1126,427,410,289
12-5-20-0.5,300,10,474,1654,0.3,10,0.0,0.1,79.628889,79.629,0,1,1124,563,561,0.1,0,0.0,0.0,79.628889,79.629,0,1,1182,438,446,298
13-5-20-0.5,300,30,500,2004,4.6,177,0.0,0.5,152.751872,152.752,0,1,1839,826,1013,0.7,23,0.0,0.1,152.751872,152.752,0,1,2289,698,605,986
14-5-20-0.5,300,60,502,1586,14.4,625,0.0,0.2,205.588211,205.588,0,1,2058,862,1196,0.7,13,0.0,0.0,205.588211,205.588,0,1,2515,725,564,1226
15-5-20-0.5,300,100,518,2000,121.2,5353,0.0,0.4,247.414301,247.414,0,1,2794,1068,1726,3.6,535,0.0,0.1,247.414301,247.414,0,1,2884,779,553,1552
16-5-20-0.5,400,5,874,6918,1.7,31,0.0,0.8,107.405037,107.405,0,1,2435,1224,1211,0.8,8,0.0,0.1,107.405037,107.405,0,1,2425,790,656,979
17-5-20-0.5,400,10,840,5902,2.3,90,0.0,0.7,145.775170,145.775,0,1,2437,1291,1146,1.1,17,0.0,0.1,145.775170,145.775,0,1,3037,961,748,1328
18-5-20-0.5,400,40,738,4070,TL,218681,0.2,1.6,233.791103,234.282,0,1,6569,2067,4502,57.7,2595,0.0,0.4,233.813585,233.814,0,1,6384,1269,1003,4112
19-5-20-0.5,400,80,816,4932,TL,84703,0.3,0.7,317.451211,318.252,0,1,7179,2011,5168,28.4,1138,0.0,0.1,317.623692,317.624,0,1,6176,1326,1138,3712
20-5-20-0.5,400,133,760,4170,TL,44299,0.4,0.7,362.361522,363.723,0,1,5949,1699,4250,69.6,3733,0.0,0.2,362.508890,362.509,0,1,7736,1385,1011,5340
21-5-20-0.5,500,5,1186,12832,1.9,7,0.0,0.1,146.176000,146.176,0,1,2627,1204,1423,0.4,0,0.0,0.0,146.176000,146.176,0,1,2241,843,799,599
22-5-20-0.5,500,10,1090,9960,11.6,250,0.0,1.7,174.861566,174.862,0,1,3904,1703,2201,2.6,25,0.0,0.5,174.861566,174.862,0,1,4229,1323,1072,1834
23-5-20-0.5,500,50,1196,11222,TL,48037,1.1,2.0,354.126476,357.959,0,1,14113,3842,10271,219.1,2370,0.0,0.4,354.872908,354.873,0,1,10892,2112,1626,7154
24-5-20-0.5,500,100,1174,11328,TL,12450,0.7,1.1,430.263972,433.401,0,1,12589,3078,9511,228.2,6213,0.0,0.2,430.742470,430.742,0,1,10002,2082,1834,6086
25-5-20-0.5,500,167,1258,13962,TL,13435,0.3,0.5,475.946385,477.586,0,1,8309,2225,6084,1385.7,65151,0.0,0.1,476.075149,476.075,0,1,7910,1725,1121,5064
26-5-20-0.5,600,5,1706,30160,14.8,133,0.0,3.2,214.314949,214.315,0,1,6475,2717,3758,4.3,21,0.0,0.6,214.314949,214.315,0,1,5401,1992,1681,1728
27-5-20-0.5,600,10,1764,32768,TL,61578,0.8,4.8,290.873741,293.341,0,1,32290,5262,27028,86.9,762,0.0,1.2,290.939435,290.939,0,1,11662,2761,2894,6007
28-5-20-0.5,600,60,1716,33584,TL,5174,1.9,2.2,485.042589,494.180,0,1,18945,4593,14352,TL,102688,0.2,0.5,487.053155,488.160,0,1,16027,3507,3024,9496
29-5-20-0.5,600,120,1714,28968,TL,6630,1.5,1.6,545.108910,553.110,0,1,11641,3327,8314,TL,71179,0.1,0.3,547.830960,548.632,0,1,11702,2526,1970,7206
30-5-20-0.5,600,200,1570,21010,TL,10440,0.2,0.3,583.362475,584.439,0,1,6185,1713,4472,TL,185413,0.0,0.1,583.461287,583.550,0,1,8470,1980,1336,5154
31-5-20-0.5,700,5,2542,64420,117.7,729,0.0,5.9,302.451760,302.452,0,1,14385,4636,9749,22.1,99,0.0,2.3,302.451760,302.452,0,1,10551,3313,2147,5091
32-5-20-0.5,700,10,2218,50474,TL,51510,1.0,4.1,357.420641,361.132,0,1,29681,5672,24009,13.9,96,0.0,0.6,357.832329,357.832,0,1,7536,2676,2059,2801
33-5-20-0.5,700,70,2268,49250,TL,2042,2.0,2.2,597.383736,609.118,0,1,21301,5311,15990,TL,68008,0.1,0.3,600.674412,601.300,0,1,15568,3929,3411,8228
34-5-20-0.5,700,140,2450,58282,TL,5420,0.7,0.7,663.994420,668.375,0,1,11121,2904,8217,2958.8,79569,0.0,0.1,665.470867,665.471,0,1,8109,2507,1680,3922
35-5-20-0.5,800,5,3424,143422,648.0,1184,0.0,6.0,432.061412,432.061,0,1,27950,5954,21996,16.9,45,0.0,1.2,432.061412,432.061,0,1,7136,2706,2480,1950
36-5-20-0.5,800,10,3052,91980,TL,10209,4.2,6.1,451.928929,470.870,0,1,39971,8041,31930,1045.5,1946,0.0,1.8,453.182826,453.183,0,1,15890,4151,2962,8777
37-5-20-0.5,800,80,2762,71842,TL,2276,1.4,1.5,701.991982,711.586,0,1,18375,4945,13430,TL,55909,0.1,0.3,704.043682,704.916,0,1,13013,3637,3348,6028
38-5-20-0.5,900,5,4520,224438,TL,4361,4.1,7.3,526.064593,547.890,0,1,94741,12406,82335,120.7,247,0.0,2.0,526.269965,526.270,0,1,11956,4142,3417,4397
39-5-20-0.5,900,10,4450,227826,TL,4059,2.9,4.3,637.377462,656.054,0,1,46483,8973,37510,127.9,286,0.0,0.7,637.701181,637.701,0,1,9094,3608,3331,2155
40-5-20-0.5,900,90,3552,140956,TL,1337,1.2,1.2,822.689123,832.182,0,1,17953,5602,12351,TL,67150,0.1,0.2,825.405246,825.936,0,1,9237,3428,2485,3324
1-5-20-0.8,100,5,114,64,0.0,0,0.0,0.0,14.600000,14.600,0,1,216,108,108,0.0,0,0.0,0.0,14.600000,14.600,0,1,242,111,115,16
2-5-20-0.8,100,10,124,76,0.0,0,0.0,0.0,26.648000,26.648,0,1,250,125,125,0.0,0,0.0,0.0,26.648000,26.648,0,1,253,116,121,16
3-5-20-0.8,100,10,116,100,0.0,0,0.0,0.0,25.613333,25.613,0,1,290,145,145,0.0,0,0.0,0.0,25.613333,25.613,0,1,304,130,128,46
4-5-20-0.8,100,20,106,56,0.1,0,0.0,0.0,35.408000,35.408,0,1,340,170,170,0.0,0,0.0,0.0,35.408000,35.408,0,1,290,135,143,12
5-5-20-0.8,100,33,130,114,0.1,0,0.0,0.0,62.004444,62.004,0,1,293,150,143,0.0,0,0.0,0.0,62.004444,62.004,0,1,329,148,131,50
6-5-20-0.8,200,5,296,430,0.0,0,0.0,0.0,30.133333,30.133,0,1,460,230,230,0.0,0,0.0,0.0,30.133333,30.133,0,1,498,230,246,22
7-5-20-0.8,200,10,292,592,0.1,0,0.0,0.0,50.205867,50.206,0,1,521,259,262,0.0,0,0.0,0.0,50.205867,50.206,0,1,618,266,262,90
8-5-20-0.8,200,20,278,418,0.1,0,0.0,0.0,69.544119,69.544,0,1,543,273,270,0.0,0,0.0,0.0,69.544119,69.544,0,1,618,273,279,66
9-5-20-0.8,200,40,302,502,0.4,6,0.0,0.0,117.076030,117.076,0,1,908,465,443,0.1,2,0.0,0.0,117.076030,117.076,0,1,796,322,292,182
10-5-20-0.8,200,67,328,900,1.3,7,0.0,0.0,157.131214,157.131,0,1,1285,617,668,0.1,3,0.0,0.0,157.131214,157.131,0,1,986,366,296,324
11-5-20-0.8,300,5,534,2358,0.1,0,0.0,0.0,61.631881,61.632,0,1,869,430,439,0.1,0,0.0,0.0,61.631881,61.632,0,1,1047,417,410,220
12-5-20-0.8,300,10,474,1654,0.1,0,0.0,0.0,79.251556,79.252,0,1,890,446,444,0.1,0,0.0,0.0,79.251556,79.252,0,1,1118,440,454,224
13-5-20-0.8,300,30,500,2004,1.6,20,0.0,0.1,151.100749,151.101,0,1,1580,747,833,0.4,3,0.0,0.0,151.100749,151.101,0,1,1638,564,570,504
14-5-20-0.8,300,60,502,1586,2.9,50,0.0,0.0,203.813062,203.813,0,1,1880,927,953,0.4,3,0.0,0.0,203.813062,203.813,0,1,1792,625,575,592
15-5-20-0.8,300,100,518,2000,9.7,272,0.0,0.1,244.776804,244.777,0,1,1858,852,1006,0.6,37,0.0,0.0,244.776804,244.777,0,1,1988,643,513,832
16-5-20-0.8,400,5,874,6918,0.7,0,0.0,0.0,105.842015,105.842,0,1,1581,773,808,0.3,0,0.0,0.0,105.842015,105.842,0,1,1955,701,660,594
17-5-20-0.8,400,10,840,5902,1.2,6,0.0,0.1,143.630068,143.630,0,1,1657,854,803,0.4,0,0.0,0.0,143.630068,143.630,0,1,2258,822,692,744
18-5-20-0.8,400,40,738,4070,11.8,436,0.0,0.3,230.274635,230.275,0,1,2950,1104,1846,1.3,20,0.0,0.0,230.274635,230.275,0,1,3191,915,860,1416
19-5-20-0.8,400,80,816,4932,22.9,445,0.0,0.1,312.678708,312.679,0,1,3439,1315,2124,1.5,61,0.0,0.0,312.678708,312.679,0,1,3577,1067,902,1608
20-5-20-0.8,400,133,760,4170,45.0,580,0.0,0.1,357.997858,357.998,0,1,3210,1205,2005,2.0,126,0.0,0.0,357.997858,357.998,0,1,3253,940,709,1604
21-5-20-0.8,500,5,1186,12832,0.8,0,0.0,0.0,143.190400,143.190,0,1,1826,911,915,0.5,0,0.0,0.0,143.190400,143.190,0,1,2199,880,820,499
22-5-20-0.8,500,10,1090,9960,4.3,51,0.0,0.4,171.224626,171.225,0,1,3002,1437,1565,1.6,15,0.0,0.1,171.224626,171.225,0,1,3770,1149,1195,1426
23-5-20-0.8,500,50,1196,11222,50.9,885,0.0,0.3,346.943387,346.943,0,1,4914,1857,3057,3.0,17,0.0,0.0,346.943387,346.943,0,1,4526,1434,1236,1856
24-5-20-0.8,500,100,1174,11328,TL,117351,0.0,0.2,422.367567,422.433,0,1,7379,1808,5571,7.7,330,0.0,0.0,422.367616,422.368,0,1,4894,1350,1410,2134
25-5-20-0.8,500,167,1258,13962,80.1,432,0.0,0.0,470.462752,470.463,0,1,3440,1360,2080,4.0,160,0.0,0.0,470.462752,470.463,0,1,3874,1416,1016,1442
26-5-20-0.8,600,5,1706,30160,9.8,64,0.0,1.1,206.885980,206.886,0,1,5330,2592,2738,3.7,11,0.0,0.2,206.885980,206.886,0,1,5348,1979,1722,1647
27-5-20-0.8,600,10,1764,32768,109.2,1104,0.0,2.0,278.785548,278.786,0,1,10143,2849,7294,13.4,99,0.0,0.7,278.785548,278.786,0,1,8378,2501,2329,3548
28-5-20-0.8,600,60,1716,33584,TL,42169,0.3,0.6,472.487164,473.775,0,1,14067,3304,10763,253.1,2590,0.0,0.2,472.577840,472.578,0,1,8786,2200,1824,4762
29-5-20-0.8,600,120,1714,28968,TL,50328,0.1,0.3,536.967160,537.528,0,1,8982,2438,6544,35.9,725,0.0,0.0,537.051344,537.051,0,1,5617,1703,1360,2554
30-5-20-0.8,600,200,1570,21010,414.0,4957,0.0,0.1,577.397359,577.397,0,1,3884,1478,2406,29.5,1658,0.0,0.0,577.397359,577.397,0,1,4648,1556,1078,2014
31-5-20-0.8,700,5,2542,64420,33.2,144,0.0,2.7,290.580704,290.581,0,1,8641,3475,5166,10.3,41,0.0,1.2,290.580704,290.581,0,1,7307,2718,2137,2452
32-5-20-0.8,700,10,2218,50474,84.1,370,0.0,1.6,340.812931,340.813,0,1,11763,3664,8099,9.3,33,0.0,0.3,340.812931,340.813,0,1,6709,2564,2087,2058
33-5-20-0.8,700,70,2268,49250,TL,12200,0.3,0.5,581.765679,583.442,0,1,17415,3765,13650,188.8,2500,0.0,0.1,581.924207,581.924,0,1,7673,2560,2195,2918
34-5-20-0.8,700,140,2450,58282,525.4,5011,0.0,0.1,653.348898,653.349,0,1,7145,2273,4872,6.8,46,0.0,0.0,653.348898,653.349,0,1,3575,1655,976,944
35-5-20-0.8,800,5,3424,143422,101.2,175,0.0,3.2,403.506182,403.506,0,1,14220,4562,9658,14.6,47,0.0,1.2,403.506182,403.506,0,1,7304,2747,2617,1940
36-5-20-0.8,800,10,3052,91980,TL,27384,1.3,3.3,426.056794,431.446,0,1,37799,7387,30412,361.6,586,0.0,1.5,427.423707,427.424,0,1,15947,4283,3367,8297
37-5-20-0.8,800,80,2762,71842,TL,9471,0.3,0.4,682.997418,684.844,0,1,16066,3784,12282,910.5,32299,0.0,0.1,683.417993,683.418,0,1,8858,2807,3175,2876
38-5-20-0.8,900,5,4520,224438,411.3,475,0.0,3.8,490.736301,490.736,0,1,26287,5864,20423,83.8,106,0.0,1.5,490.736301,490.736,0,1,12918,4687,3676,4555
39-5-20-0.8,900,10,4450,227826,TL,12775,0.9,2.1,592.560472,597.633,0,1,45270,7807,37463,116.2,187,0.0,0.7,592.560472,592.560,0,1,11663,4400,5055,2208
40-5-20-0.8,900,90,3552,140956,TL,11726,0.1,0.2,801.021020,801.742,0,1,14341,3897,10444,106.0,697,0.0,0.1,801.052497,801.052,0,1,5950,2777,1763,1410
1-10-25-0.2,100,5,138,60,0.0,0,0.0,0.0,17.533333,17.533,0,1,218,109,109,0.0,0,0.0,0.0,17.533333,17.533,0,1,238,109,117,12
2-10-25-0.2,100,10,152,78,0.0,3,0.0,0.0,31.795970,31.796,0,1,244,122,122,0.0,0,0.0,0.0,31.795970,31.796,0,1,276,122,126,28
3-10-25-0.2,100,10,136,110,0.0,0,0.0,0.0,32.000000,32.000,0,1,279,139,140,0.0,0,0.0,0.0,32.000000,32.000,0,1,306,125,123,58
4-10-25-0.2,100,20,126,66,0.0,0,0.0,0.0,43.555556,43.556,0,1,244,126,118,0.0,0,0.0,0.0,43.555556,43.556,0,1,287,127,124,36
5-10-25-0.2,100,33,174,116,0.2,5,0.0,0.0,70.431111,70.431,0,1,300,149,151,0.0,0,0.0,0.0,70.431111,70.431,0,1,414,166,154,94
6-10-25-0.2,200,5,408,628,0.1,0,0.0,0.0,41.221333,41.221,0,1,527,262,265,0.1,0,0.0,0.0,41.221333,41.221,0,1,603,242,265,96
7-10-25-0.2,200,10,414,906,8.3,19,0.0,0.3,67.985126,67.985,0,1,783,399,384,0.2,5,0.0,0.0,67.985126,67.985,0,1,1013,359,290,364
8-10-25-0.2,200,20,360,658,30.7,5,0.0,0.0,93.383467,93.383,0,1,1013,506,507,0.1,0,0.0,0.0,93.383467,93.383,0,1,820,310,276,234
9-10-25-0.2,200,40,418,686,4.5,383,0.0,0.4,140.754639,140.755,0,1,1055,510,545,0.5,102,0.0,0.1,140.754639,140.755,0,1,1304,402,298,604
10-10-25-0.2,200,67,526,1372,109.8,2752,0.0,1.0,184.061721,184.062,0,1,2187,913,1274,2.9,641,0.0,0.3,184.061721,184.062,0,1,2511,642,415,1454
11-10-25-0.2,300,5,1004,3968,0.7,31,0.0,0.4,96.199407,96.199,0,1,1431,768,663,0.1,0,0.0,0.0,96.199407,96.199,0,1,1264,478,409,377
12-10-25-0.2,300,10,814,2756,1.3,67,0.0,0.6,121.767289,121.767,0,1,1704,833,871,0.5,6,0.0,0.0,121.767289,121.767,0,1,1884,612,484,788
13-10-25-0.2,300,30,902,3342,51.3,2198,0.0,1.2,200.248337,200.248,0,1,2939,1331,1608,1.6,66,0.0,0.3,200.248337,200.248,0,1,3003,866,510,1627
14-10-25-0.2,300,60,804,2722,TL,121745,0.1,0.9,247.404257,247.768,0,1,4546,1832,2714,11.1,632,0.0,0.2,247.419560,247.420,0,1,4601,1070,659,2872
15-10-25-0.2,300,100,910,3470,TL,19619,1.0,1.5,285.332348,288.190,0,1,6143,1897,4246,674.9,47690,0.0,0.4,286.007997,286.008,0,1,8110,1531,975,5604
16-10-25-0.2,400,5,1974,13784,4.9,69,0.0,2.7,181.420630,181.421,0,1,3725,1683,2042,2.0,19,0.0,0.6,181.420630,181.421,0,1,3879,1251,787,1841
17-10-25-0.2,400,10,1738,11266,105.3,3457,0.0,3.3,220.593928,220.594,0,1,7799,3110,4689,9.0,161,0.0,1.4,220.593527,220.594,0,1,6894,1786,1044,4064
18-10-25-0.2,400,40,1430,7758,TL,44533,1.6,2.9,307.841176,312.699,1,2,10223,3465,6758,671.9,9440,0.0,0.8,308.978211,308.978,0,1,14909,2357,1294,11258
19-10-25-0.2,400,80,1644,9618,TL,6636,1.1,1.6,374.371193,378.339,0,1,9003,3285,5718,394.1,8997,0.0,0.3,375.663114,375.663,0,1,11685,2144,1053,8488
20-10-25-0.2,400,133,1462,8014,TL,15626,0.2,0.3,396.838356,397.764,0,1,5227,1809,3418,1309.1,71591,0.0,0.1,397.156713,397.157,0,1,8527,1824,885,5818
21-10-25-0.2,500,5,2918,27626,9.9,74,0.0,2.3,252.423896,252.424,0,1,5620,2529,3091,1.9,5,0.0,0.0,252.423896,252.424,0,1,3329,1370,812,1147
22-10-25-0.2,500,10,2496,21494,403.4,9221,0.0,4.3,284.236407,284.236,0,1,13230,4879,8351,74.1,506,0.0,1.8,284.236407,284.236,0,1,10181,2520,1606,6055
23-10-25-0.2,500,50,2772,24348,TL,4516,2.6,3.0,441.255920,452.534,0,1,14557,5062,9495,TL,93512,0.6,1.1,443.131125,446.023,0,1,20949,3486,2325,15138
24-10-25-0.2,500,100,2810,23810,TL,2439,1.1,1.2,488.944191,494.306,2,2,7459,2862,4597,TL,81555,0.2,0.4,490.616638,491.807,0,1,15114,2671,1496,10947
25-10-25-0.2,500,167,3078,29866,TL,66611,0.0,0.0,499.696530,499.706,0,1,3516,1796,1720,74.0,10357,0.0,0.0,499.697459,499.697,0,1,3569,1385,726,1458
26-10-25-0.2,600,5,5086,70238,3034.9,28534,0.0,6.4,370.604017,370.604,0,1,47247,7099,40148,31.9,192,0.0,1.6,370.604017,370.604,0,1,8933,2752,1812,4369
27-10-25-0.2,600,10,5420,75078,TL,11962,3.1,5.1,444.985861,458.868,1,2,26785,6337,20448,773.5,16369,0.0,1.1,446.980312,446.980,1,2,14420,2870,2505,9045
28-10-25-0.2,600,60,5338,78458,TL,2207,1.9,2.1,571.882246,582.871,0,1,12739,4839,7900,TL,105861,0.4,0.5,574.236257,576.319,0,1,13342,3493,2527,7322
29-10-25-0.2,600,120,4982,67654,TL,8127,0.2,0.2,596.581807,597.830,0,1,6265,2386,3879,TL,86749,0.0,0.1,597.179039,597.387,0,1,8576,2545,955,5076
30-10-25-0.2,600,200,4284,48514,60.8,0,0.0,0.0,600.000000,600.000,0,1,1616,899,717,1.6,0,0.0,0.0,600.000000,600.000,0,1,3200,1628,1068,504
31-10-25-0.2,700,5,8624,152102,TL,7817,5.1,7.2,508.896625,534.641,0,1,50630,8696,41934,371.8,1022,0.0,2.4,510.572027,510.572,0,1,19580,4770,2576,12234
32-10-25-0.2,700,10,7294,123992,TL,6698,3.7,4.9,550.956508,571.372,0,1,32771,8194,24577,918.7,2206,0.0,1.0,553.668413,553.668,0,1,14030,3765,2121,8144
33-10-25-0.2,700,70,7110,121930,TL,2991,1.0,1.0,685.533670,692.242,0,1,11729,4480,7249,TL,100456,0.2,0.3,687.701565,689.063,0,1,11558,3817,1789,5952
34-10-25-0.2,700,140,8044,141988,118.8,86,0.0,0.0,699.830932,699.831,0,1,2944,1974,970,13.5,210,0.0,0.0,699.831026,699.831,0,1,2933,1748,767,418
35-10-25-0.2,800,5,14838,312066,TL,5848,3.3,4.6,668.601921,690.981,0,1,48920,9670,39250,71.8,171,0.0,1.0,668.819703,668.820,0,1,7376,3071,1953,2352
36-10-25-0.2,800,10,10904,224412,TL,3297,3.7,4.3,675.631773,700.776,0,1,38757,9422,29335,TL,40550,0.3,1.0,677.465347,679.342,0,1,17796,4781,5031,7984
37-10-25-0.2,800,80,9072,186296,TL,1782,0.7,0.7,788.526600,793.873,0,1,9529,4222,5307,TL,43196,0.2,0.2,790.374726,791.653,0,1,10669,3714,1423,5532
38-10-25-0.2,900,5,21526,466312,TL,2676,4.1,4.6,785.637569,818.021,0,1,54675,10467,44208,1045.2,2166,0.0,1.0,788.212151,788.212,0,1,18678,4963,3462,10253
39-10-25-0.2,900,10,21248,471774,TL,3529,1.8,2.0,840.001884,854.897,0,1,34011,8611,25400,TL,40926,0.1,0.5,841.039043,842.175,0,1,10076,4264,3381,2431
40-10-25-0.2,900,90,14636,345298,TL,8510,0.1,0.1,897.006303,897.485,0,1,5581,2776,2805,TL,94872,0.0,0.0,897.047526,897.239,0,1,4593,2507,442,1644
1-10-25-0.5,100,5,138,60,0.0,0,0.0,0.0,17.533333,17.533,0,1,218,109,109,0.0,0,0.0,0.0,17.533333,17.533,0,1,234,109,115,10
2-10-25-0.5,100,10,152,78,0.1,0,0.0,0.0,31.697481,31.697,0,1,267,133,134,0.0,0,0.0,0.0,31.697481,31.697,0,1,272,121,129,22
3-10-25-0.5,100,10,136,110,0.0,0,0.0,0.0,32.000000,32.000,0,1,259,129,130,0.0,0,0.0,0.0,32.000000,32.000,0,1,285,123,126,36
4-10-25-0.5,100,20,126,66,0.0,0,0.0,0.0,43.522222,43.522,0,1,253,128,125,0.0,0,0.0,0.0,43.522222,43.522,0,1,274,125,123,26
5-10-25-0.5,100,33,174,116,0.1,0,0.0,0.0,70.344444,70.344,0,1,471,236,235,0.0,0,0.0,0.0,70.344444,70.344,0,1,390,171,161,58
6-10-25-0.5,200,5,408,628,0.1,0,0.0,0.0,41.113333,41.113,0,1,524,261,263,0.1,0,0.0,0.0,41.113333,41.113,0,1,577,238,263,76
7-10-25-0.5,200,10,414,906,0.3,19,0.0,0.1,67.615704,67.616,0,1,632,324,308,0.1,0,0.0,0.0,67.615704,67.616,0,1,905,319,298,288
8-10-25-0.5,200,20,360,658,0.2,0,0.0,0.0,93.114667,93.115,0,1,802,398,404,0.1,0,0.0,0.0,93.114667,93.115,0,1,804,313,287,204
9-10-25-0.5,200,40,418,686,1.0,44,0.0,0.1,140.161649,140.162,0,1,773,401,372,0.2,13,0.0,0.0,140.161649,140.162,0,1,1025,360,287,378
10-10-25-0.5,200,67,526,1372,10.1,597,0.0,0.3,182.753165,182.753,0,1,1140,508,632,0.9,129,0.0,0.1,182.753165,182.753,0,1,2023,592,395,1036
11-10-25-0.5,300,5,1004,3968,0.4,3,0.0,0.0,95.449630,95.450,0,1,1020,542,478,0.1,0,0.0,0.0,95.449630,95.450,0,1,1250,489,410,351
12-10-25-0.5,300,10,814,2756,0.9,33,0.0,0.2,120.579556,120.580,0,1,1439,693,746,0.4,0,0.0,0.0,120.579556,120.580,0,1,1720,563,467,690
13-10-25-0.5,300,30,902,3342,7.2,198,0.0,0.4,198.405211,198.405,0,1,2012,872,1140,0.9,27,0.0,0.0,198.405211,198.405,0,1,2179,689,514,976
14-10-25-0.5,300,60,804,2722,26.3,1495,0.0,0.2,245.202225,245.202,0,1,2098,895,1203,1.1,111,0.0,0.1,245.202225,245.202,0,1,2468,771,567,1130
15-10-25-0.5,300,100,910,3470,202.7,5452,0.0,0.4,283.163954,283.164,0,1,2855,1151,1704,8.8,897,0.0,0.1,283.163954,283.164,0,1,4164,1049,641,2474
16-10-25-0.5,400,5,1974,13784,2.9,37,0.0,1.5,177.562894,177.563,0,1,3091,1460,1631,2.0,11,0.0,0.4,177.562894,177.563,0,1,3148,1114,736,1298
17-10-25-0.5,400,10,1738,11266,15.5,514,0.0,1.8,216.971205,216.971,0,1,4077,1897,2180,4.3,47,0.0,0.7,216.971205,216.971,0,1,5556,1659,939,2958
18-10-25-0.5,400,40,1430,7758,253.8,4800,0.0,1.1,304.491726,304.492,0,1,6089,2309,3780,16.8,306,0.0,0.3,304.491726,304.492,0,1,5896,1544,796,3556
19-10-25-0.5,400,80,1644,9618,270.7,6316,0.0,0.3,371.859675,371.860,0,1,4370,1836,2534,9.2,366,0.0,0.1,371.859675,371.860,0,1,3921,1086,659,2176
20-10-25-0.5,400,133,1462,8014,71.6,712,0.0,0.1,395.681146,395.681,0,1,2572,1236,1336,3.4,169,0.0,0.0,395.681146,395.681,0,1,2901,1014,649,1238
21-10-25-0.5,500,5,2918,27626,6.0,30,0.0,0.9,246.639935,246.640,0,1,4308,1981,2327,0.8,0,0.0,0.0,246.639935,246.640,0,1,2553,1015,826,712
22-10-25-0.5,500,10,2496,21494,52.9,686,0.0,2.6,277.372755,277.373,0,1,7429,2952,4477,17.4,129,0.0,1.2,277.372755,277.373,0,1,7523,2111,1374,4038
23-10-25-0.5,500,50,2772,24348,TL,23263,1.2,1.6,434.925658,440.097,0,1,14939,4154,10785,2498.8,42062,0.0,0.5,436.673696,436.674,0,1,16716,2863,1677,12176
24-10-25-0.5,500,100,2810,23810,TL,23303,0.3,0.5,486.136478,487.661,0,1,8376,2225,6151,234.8,6963,0.0,0.1,486.765138,486.765,0,1,10048,2041,1239,6768
25-10-25-0.5,500,167,3078,29866,111.1,1187,0.0,0.0,499.369152,499.369,0,1,2649,1419,1230,12.4,776,0.0,0.0,499.369424,499.369,0,1,2800,1146,564,1090
26-10-25-0.5,600,5,5086,70238,154.4,822,0.0,4.3,356.702511,356.703,0,1,15124,4273,10851,18.8,90,0.0,1.4,356.702511,356.703,0,1,8281,2931,2088,3262
27-10-25-0.5,600,10,5420,75078,TL,43514,1.2,3.2,431.002880,436.020,0,1,31961,5666,26295,136.4,910,0.0,1.0,431.380149,431.380,0,1,9006,2476,1795,4735
28-10-25-0.5,600,60,5338,78458,TL,7955,1.0,1.2,563.683512,569.228,0,1,11751,3434,8317,TL,62393,0.1,0.3,565.899493,566.350,0,1,10181,2826,1765,5590
29-10-25-0.5,600,120,4982,67654,TL,34226,0.0,0.1,594.634238,594.851,0,1,5441,1980,3461,157.1,4879,0.0,0.0,594.670744,594.671,0,1,5649,1805,720,3124
30-10-25-0.5,600,200,4284,48514,1.6,0,0.0,0.0,600.000000,600.000,1,2,0,0,0,0.0,0,0.0,0.0,600.000000,600.000,1,2,0,0,0,0
31-10-25-0.5,700,5,8624,152102,TL,13877,1.4,4.7,490.625322,497.583,0,1,55281,8365,46916,91.5,269,0.0,1.8,490.907517,490.908,0,1,12639,3903,2266,6470
32-10-25-0.5,700,10,7294,123992,TL,24745,1.2,2.9,532.519880,538.898,0,1,40621,8380,32241,72.2,305,0.0,0.6,533.117758,533.118,0,1,9489,3623,2437,3429
33-10-25-0.5,700,70,7110,121930,TL,7945,0.5,0.6,678.797057,682.180,0,1,8279,3259,5020,TL,77434,0.0,0.2,679.995487,680.192,0,1,7714,2817,1333,3564
34-10-25-0.5,700,140,8044,141988,87.3,68,0.0,0.0,699.594613,699.595,0,1,2000,1408,592,5.7,29,0.0,0.0,699.594672,699.595,0,1,3034,1763,829,442
35-10-25-0.5,800,5,14838,312066,TL,11123,1.4,3.2,640.126200,648.974,0,1,55228,9086,46142,45.3,95,0.0,1.1,640.362314,640.362,0,1,6425,3281,1880,1264
36-10-25-0.5,800,10,10904,224412,TL,5688,2.3,3.1,649.220128,664.053,0,1,31877,8496,23381,TL,24881,0.4,1.2,649.060640,651.791,0,1,15907,5642,4830,5435
37-10-25-0.5,800,80,9072,186296,TL,6150,0.4,0.5,782.215886,785.386,0,1,9004,3492,5512,TL,55668,0.0,0.1,783.426041,783.757,0,1,7647,2877,1016,3754
38-10-25-0.5,900,5,21526,466312,TL,6069,2.3,3.4,753.694359,771.207,0,1,49225,10003,39222,269.8,531,0.0,1.0,755.857594,755.858,0,1,11026,4865,2998,3163
39-10-25-0.5,900,10,21248,471774,TL,8300,1.2,1.7,812.333009,822.449,0,1,28321,7458,20863,TL,23590,0.2,0.7,813.657251,815.196,0,1,9851,4846,3832,1173
40-10-25-0.5,900,90,14636,345298,TL,22440,0.1,0.1,893.229230,893.705,0,1,5002,2510,2492,2317.0,72689,0.0,0.1,893.375919,893.376,0,1,4291,2343,496,1452
1-10-25-0.8,100,5,138,60,0.0,0,0.0,0.0,17.533333,17.533,0,1,218,109,109,0.0,0,0.0,0.0,17.533333,17.533,0,1,251,118,127,6
2-10-25-0.8,100,10,152,78,0.0,0,0.0,0.0,31.598993,31.599,0,1,287,144,143,0.0,0,0.0,0.0,31.598993,31.599,0,1,254,115,121,18
3-10-25-0.8,100,10,136,110,0.0,0,0.0,0.0,32.000000,32.000,0,1,250,125,125,0.1,0,0.0,0.0,32.000000,32.000,0,1,283,135,142,6
4-10-25-0.8,100,20,126,66,0.1,0,0.0,0.0,43.488889,43.489,0,1,250,127,123,0.0,0,0.0,0.0,43.488889,43.489,0,1,263,124,123,16
5-10-25-0.8,100,33,174,116,0.1,0,0.0,0.0,70.257778,70.258,0,1,380,194,186,0.0,0,0.0,0.0,70.257778,70.258,0,1,360,167,161,32
6-10-25-0.8,200,5,408,628,0.1,0,0.0,0.0,41.005333,41.005,0,1,524,261,263,0.1,0,0.0,0.0,41.005333,41.005,0,1,576,238,278,60
7-10-25-0.8,200,10,414,906,0.2,12,0.0,0.1,67.246281,67.246,0,1,703,355,348,0.1,4,0.0,0.0,67.246281,67.246,0,1,815,305,284,226
8-10-25-0.8,200,20,360,658,0.2,0,0.0,0.0,92.845867,92.846,0,1,820,419,401,0.1,0,0.0,0.0,92.845867,92.846,0,1,740,310,286,144
9-10-25-0.8,200,40,418,686,0.5,0,0.0,0.0,139.584660,139.585,0,1,902,470,432,0.1,4,0.0,0.0,139.584660,139.585,0,1,877,348,281,248
10-10-25-0.8,200,67,526,1372,1.9,13,0.0,0.0,182.017436,182.017,0,1,1366,654,712,0.2,6,0.0,0.0,182.017436,182.017,0,1,1024,375,267,382
11-10-25-0.8,300,5,1004,3968,0.4,2,0.0,0.0,94.699852,94.700,0,1,1228,635,593,0.1,0,0.0,0.0,94.699852,94.700,0,1,1129,458,413,258
12-10-25-0.8,300,10,814,2756,0.5,2,0.0,0.0,119.391822,119.392,0,1,1324,664,660,0.3,0,0.0,0.0,119.391822,119.392,0,1,1532,524,494,514
13-10-25-0.8,300,30,902,3342,2.2,11,0.0,0.0,196.562084,196.562,0,1,1305,611,694,0.2,0,0.0,0.0,196.562084,196.562,0,1,1583,573,456,554
14-10-25-0.8,300,60,804,2722,19.5,1040,0.0,0.0,243.469595,243.470,0,1,1976,926,1050,0.6,43,0.0,0.0,243.469595,243.470,0,1,1918,673,477,768
15-10-25-0.8,300,100,910,3470,6.5,63,0.0,0.0,281.151558,281.152,0,1,1226,600,626,0.3,0,0.0,0.0,281.151558,281.152,0,1,2176,774,558,844
16-10-25-0.8,400,5,1974,13784,2.3,13,0.0,0.5,173.705158,173.705,0,1,2744,1255,1489,1.4,3,0.0,0.0,173.705158,173.705,0,1,3383,1043,875,1465
17-10-25-0.8,400,10,1738,11266,3.6,32,0.0,0.5,213.348482,213.348,0,1,2608,1340,1268,2.2,17,0.0,0.2,213.348482,213.348,0,1,3900,1231,853,1816
18-10-25-0.8,400,40,1430,7758,8.1,58,0.0,0.1,300.602215,300.602,0,1,2691,1269,1422,1.7,27,0.0,0.0,300.602215,300.602,0,1,3350,1041,767,1542
19-10-25-0.8,400,80,1644,9618,16.3,85,0.0,0.0,368.984542,368.985,0,1,2430,1026,1404,0.9,3,0.0,0.0,368.984542,368.985,0,1,2486,850,740,896
20-10-25-0.8,400,133,1462,8014,13.2,43,0.0,0.0,394.491263,394.491,0,1,1310,694,616,1.0,45,0.0,0.0,394.491243,394.491,0,1,2206,904,646,656
21-10-25-0.8,500,5,2918,27626,2.5,3,0.0,0.0,240.855974,240.856,0,1,2413,1250,1163,0.8,0,0.0,0.0,240.855974,240.856,0,1,2614,1025,820,769
22-10-25-0.8,500,10,2496,21494,13.1,111,0.0,1.1,270.509102,270.509,0,1,5133,2227,2906,6.2,35,0.0,0.6,270.509102,270.509,0,1,6361,1911,1703,2747
23-10-25-0.8,500,50,2772,24348,287.2,5215,0.0,0.4,430.599690,430.600,0,1,6726,2554,4172,93.1,1283,0.0,0.2,430.599690,430.600,0,1,7230,1853,1135,4242
24-10-25-0.8,500,100,2810,23810,43.7,174,0.0,0.0,483.425868,483.426,0,1,3052,1378,1674,2.7,28,0.0,0.0,483.425868,483.426,0,1,3318,1284,910,1124
25-10-25-0.8,500,167,3078,29866,95.0,950,0.0,0.0,499.067657,499.068,0,1,2393,1298,1095,10.0,652,0.0,0.0,499.067791,499.068,0,1,2979,1233,566,1180
26-10-25-0.8,600,5,5086,70238,34.9,185,0.0,2.2,343.158615,343.159,0,1,8749,3562,5187,11.7,45,0.0,1.1,343.158615,343.159,0,1,7043,2814,1913,2316
27-10-25-0.8,600,10,5420,75078,152.5,1484,0.0,1.4,417.266940,417.267,0,1,10591,3385,7206,21.4,127,0.0,0.6,417.266940,417.267,0,1,7206,2619,1942,2645
28-10-25-0.8,600,60,5338,78458,TL,72797,0.1,0.3,558.862062,559.466,0,1,9620,2297,7323,454.4,25865,0.0,0.1,559.023234,559.023,0,1,5358,1955,1507,1896
29-10-25-0.8,600,120,4982,67654,139.7,1393,0.0,0.0,592.421071,592.421,0,1,3378,1579,1799,41.4,1231,0.0,0.0,592.421071,592.421,0,1,3350,1346,634,1370
30-10-25-0.8,600,200,4284,48514,1.7,0,0.0,0.0,600.000000,600.000,1,5,0,0,0,0.0,0,0.0,0.0,600.000000,600.000,1,5,0,0,0,0
31-10-25-0.8,700,5,8624,152102,106.9,360,0.0,2.5,471.243007,471.243,0,1,12932,4653,8279,30.4,83,0.0,1.3,471.243007,471.243,0,1,8523,3394,2351,2778
32-10-25-0.8,700,10,7294,123992,233.0,735,0.0,1.3,512.626067,512.626,0,1,14453,4573,9880,30.2,112,0.0,0.4,512.626067,512.626,0,1,7071,3302,2176,1593
33-10-25-0.8,700,70,7110,121930,TL,41723,0.1,0.2,673.173469,673.538,0,1,8529,3009,5520,782.8,35162,0.0,0.1,673.223932,673.224,0,1,5230,2088,1288,1854
34-10-25-0.8,700,140,8044,141988,81.5,27,0.0,0.0,699.357748,699.358,0,1,1816,1244,572,5.7,39,0.0,0.0,699.357904,699.358,0,1,2901,1686,905,310
35-10-25-0.8,800,5,14838,312066,176.7,334,0.0,2.1,611.904926,611.905,0,1,14597,5100,9497,39.6,67,0.0,1.2,611.904926,611.905,0,1,6616,3538,2424,654
36-10-25-0.8,800,10,10904,224412,TL,17568,1.5,2.5,620.275982,629.508,0,1,26701,6849,19852,TL,18112,0.5,1.5,621.245561,624.680,0,1,15241,5529,4739,4973
37-10-25-0.8,800,80,9072,186296,TL,53848,0.0,0.1,777.413769,777.756,0,1,6659,2929,3730,877.4,31525,0.0,0.1,777.419384,777.419,0,1,4826,2183,1009,1634
38-10-25-0.8,900,5,21526,466312,1185.4,1376,0.0,2.0,723.503038,723.503,0,1,32076,6361,25715,173.4,251,0.0,1.1,723.503038,723.503,0,1,9472,4601,2859,2012
39-10-25-0.8,900,10,21248,471774,TL,30662,0.6,1.2,787.245517,792.222,0,1,22720,6420,16300,2876.5,23455,0.0,0.8,787.655274,787.655,0,1,8703,4699,2895,1109
40-10-25-0.8,900,90,14636,345298,TL,64050,0.0,0.1,889.913605,889.969,0,1,4223,2420,1803,269.2,6366,0.0,0.1,889.914755,889.915,0,1,3291,2127,396,768
