,,,,,bB&C-I,,,,,,,,,bB&C-I+E,,,,,,,,,bB&C-I+L,,,,,,,,,,bB&C-I+E+L,,,,,,,,,
id,|I|,K,#C1,#CP,T,N,Gap(%),RGap(%),Obj,UB,#Cut,#MaxSM,#OA,T,N,Gap(%),RGap(%),Obj,UB,#Cut,#MaxSM,#EOA,T,N,Gap(%),RGap(%),Obj,UB,#Cut,#MaxSM,#OA,#LS,T,N,Gap(%),RGap(%),Obj,UB,#Cut,#MaxSM,#EOA,#LS
1-5-20-0.2,100,5,114,64,0.0,0,0.0,0.0,14.600000,14.600,228,109,119,0.1,0,0.0,0.0,14.600000,14.600,228,109,119,0.0,0,0.0,0.0,14.600000,14.600,245,106,113,26,0.0,0,0.0,0.0,14.600000,14.600,259,112,115,32
2-5-20-0.2,100,10,124,76,0.0,0,0.0,0.0,26.792000,26.792,252,124,128,0.1,0,0.0,0.0,26.792000,26.792,256,126,130,0.0,0,0.0,0.0,26.792000,26.792,278,122,122,34,0.0,0,0.0,0.0,26.792000,26.792,283,122,123,38
3-5-20-0.2,100,10,116,100,0.2,90,0.0,0.6,25.653333,25.653,311,155,156,0.1,139,0.0,0.4,25.653333,25.653,316,152,164,0.1,0,0.0,0.0,25.653333,25.653,356,131,123,102,0.0,0,0.0,0.0,25.653333,25.653,358,136,122,100
4-5-20-0.2,100,20,106,56,0.0,3,0.0,0.0,35.432000,35.432,295,142,153,0.1,4,0.0,0.0,35.432000,35.432,291,140,151,0.0,1,0.0,0.0,35.432000,35.432,383,148,143,92,0.0,0,0.0,0.0,35.432000,35.432,340,142,146,52
5-5-20-0.2,100,33,130,114,0.7,980,0.0,0.0,62.217778,62.218,338,187,151,0.0,5,0.0,0.0,62.217778,62.218,279,141,138,0.0,0,0.0,0.0,62.217778,62.218,391,155,128,108,0.0,0,0.0,0.0,62.217778,62.218,344,138,134,72
6-5-20-0.2,200,5,296,430,0.0,0,0.0,0.0,30.133333,30.133,499,242,257,0.0,0,0.0,0.0,30.133333,30.133,487,232,255,0.0,0,0.0,0.0,30.133333,30.133,581,240,245,96,0.0,0,0.0,0.0,30.133333,30.133,546,232,248,66
7-5-20-0.2,200,10,292,592,0.2,47,0.0,0.5,50.481244,50.481,668,334,334,0.1,20,0.0,0.1,50.481244,50.481,637,303,334,0.1,0,0.0,0.0,50.481244,50.481,803,294,267,242,0.1,2,0.0,0.0,50.481244,50.481,824,295,277,252
8-5-20-0.2,200,20,278,418,0.3,134,0.0,0.3,69.795141,69.795,628,300,328,0.2,105,0.0,0.4,69.795141,69.795,600,281,319,0.1,0,0.0,0.0,69.795141,69.795,747,285,274,188,0.1,0,0.0,0.0,69.795141,69.795,703,272,285,146
9-5-20-0.2,200,40,302,502,28.2,1473,0.0,0.9,118.104119,118.104,973,489,484,3.4,2634,0.0,0.6,118.104119,118.104,869,409,460,0.2,14,0.0,0.1,118.104119,118.104,1154,367,289,498,0.2,17,0.0,0.0,118.104119,118.104,1163,380,303,480
10-5-20-0.2,200,67,328,900,12.2,6166,0.0,1.1,158.933987,158.934,1624,816,808,30.0,1729,0.0,1.0,158.933987,158.934,1434,651,783,3.2,1141,0.0,0.3,158.933987,158.934,2542,619,305,1618,2.1,680,0.0,0.3,158.933987,158.934,2090,546,326,1218
11-5-20-0.2,300,5,534,2358,0.4,59,0.0,1.3,62.527526,62.528,1222,614,608,0.3,34,0.0,1.2,62.527526,62.528,1172,560,612,0.2,3,0.0,0.0,62.527526,62.528,1320,484,408,428,0.3,3,0.0,0.0,62.527526,62.528,1272,465,420,387
12-5-20-0.2,300,10,474,1654,1.4,408,0.0,1.4,80.006222,80.006,1293,604,689,0.6,138,0.0,1.5,80.006222,80.006,1227,523,704,0.3,12,0.0,0.1,80.006222,80.006,1461,475,448,538,0.3,9,0.0,0.1,80.006222,80.006,1352,456,464,432
13-5-20-0.2,300,30,500,2004,23.8,4529,0.0,1.9,154.428772,154.429,2423,1221,1202,15.5,3193,0.0,1.5,154.428772,154.429,2126,1036,1090,5.6,442,0.0,0.6,154.428772,154.429,3799,864,607,2328,2.4,171,0.0,0.5,154.428772,154.429,3393,866,561,1966
14-5-20-0.2,300,60,502,1586,45.8,9436,0.0,1.5,207.545772,207.546,3249,1473,1776,26.5,4766,0.0,1.1,207.545772,207.546,3025,1342,1683,9.4,635,0.0,0.3,207.545772,207.546,4867,1072,673,3122,6.0,422,0.0,0.3,207.545772,207.546,4173,904,655,2614
15-5-20-0.2,300,100,518,2000,3307.1,1297902,0.0,1.3,250.454670,250.455,3457,1698,1759,1742.1,558066,0.0,1.1,250.454670,250.455,2238,1040,1198,46.4,4077,0.0,0.3,250.454386,250.454,6701,1280,661,4760,55.6,6719,0.0,0.3,250.454670,250.455,6306,1222,744,4340
16-5-20-0.2,400,5,874,6918,7.0,649,0.0,3.9,108.968059,108.968,3108,1491,1617,4.1,479,0.0,2.9,108.968059,108.968,2996,1460,1536,1.0,15,0.0,0.9,108.968059,108.968,2759,900,720,1139,1.1,13,0.0,0.7,108.968059,108.968,2759,936,685,1138
17-5-20-0.2,400,10,840,5902,31.0,2172,0.0,3.1,147.920273,147.920,4022,2022,2000,10.8,1078,0.0,2.2,147.920273,147.920,3028,1494,1534,1.5,27,0.0,0.5,147.920273,147.920,3901,1140,914,1847,1.8,31,0.0,0.6,147.920273,147.920,3752,1079,850,1823
18-5-20-0.2,400,40,738,4070,TL,405475,0.5,2.5,237.689105,238.881,6172,3014,3158,TL,399937,0.4,2.0,237.837438,238.809,5581,2438,3143,364.2,9836,0.0,1.1,238.045550,238.046,13822,2201,1527,10094,768.3,26173,0.0,1.0,238.045550,238.046,13264,2122,1406,9736
19-5-20-0.2,400,80,816,4932,TL,407116,0.5,1.8,322.411699,323.951,5975,3044,2931,TL,343388,0.3,1.2,322.944270,323.943,5062,2315,2747,TL,159081,0.1,0.6,323.126980,323.313,15810,2688,1360,11762,1000.4,28366,0.0,0.5,323.155138,323.155,14247,2173,1586,10488
20-5-20-0.2,400,133,760,4170,TL,406502,0.6,2.0,366.792266,369.046,5077,2357,2720,TL,335786,0.4,1.4,367.432804,369.038,3809,1738,2071,TL,428614,0.3,0.7,367.629141,368.760,14495,2274,1289,10932,TL,135099,0.2,0.7,367.551869,368.377,13149,1994,1273,9882
21-5-20-0.2,500,5,1186,12832,0.7,7,0.0,0.4,149.161600,149.162,1957,996,961,0.7,13,0.0,0.4,149.161600,149.162,2015,966,1049,0.5,0,0.0,0.0,149.161600,149.162,2250,827,831,592,0.5,0,0.0,0.0,149.161600,149.162,2249,845,830,574
22-5-20-0.2,500,10,1090,9960,84.6,2991,0.0,3.2,178.498506,178.499,6351,3486,2865,68.8,2323,0.0,2.4,178.498506,178.499,4758,2492,2266,5.4,76,0.0,1.2,178.498506,178.499,5664,1728,1128,2808,4.0,67,0.0,1.0,178.498506,178.499,5741,1810,1197,2734
23-5-20-0.2,500,50,1196,11222,TL,167727,1.0,2.4,363.018155,366.530,7943,3811,4132,TL,178742,0.8,1.8,363.446989,366.329,7559,3468,4091,TL,125417,0.6,1.3,363.638733,365.659,21327,3602,2766,14959,TL,125027,0.5,1.2,363.481235,365.441,19621,3252,2962,13407
24-5-20-0.2,500,100,1174,11328,TL,157305,1.0,1.9,437.451798,441.645,6814,3288,3526,TL,185497,0.5,1.2,439.348646,441.526,6143,2547,3596,TL,136427,0.6,1.1,438.739856,441.490,20602,3532,2470,14600,TL,156524,0.4,0.7,439.411960,441.270,20456,3207,2775,14474
25-5-20-0.2,500,167,1258,13962,TL,161799,0.9,1.9,480.249931,484.500,5368,2828,2540,TL,171501,0.5,1.3,482.170127,484.378,5403,2475,2928,TL,89644,0.6,0.9,481.383279,484.145,22456,3378,1870,17208,TL,62861,0.3,0.5,482.424026,484.005,18774,2909,1871,13994
26-5-20-0.2,600,5,1706,30160,15.0,358,0.0,2.2,221.743919,221.744,5684,3018,2666,6.8,165,0.0,2.0,221.743919,221.744,5044,2700,2344,7.2,60,0.0,1.2,221.743919,221.744,6343,2126,1668,2549,4.7,35,0.0,1.0,221.743919,221.744,5787,2087,1608,2092
27-5-20-0.2,600,10,1764,32768,1259.3,58977,0.0,2.5,305.542315,305.542,9237,3455,5782,528.0,16258,0.0,2.2,305.542315,305.542,7493,3183,4310,428.1,3101,0.0,1.6,305.542315,305.542,13052,2913,2313,7826,197.5,1680,0.0,1.5,305.542315,305.542,10280,2459,2368,5453
28-5-20-0.2,600,60,1716,33584,TL,73440,0.7,1.6,502.771308,506.535,8636,4398,4238,TL,96492,0.7,1.3,503.191484,506.529,7484,3258,4226,TL,61381,0.7,1.2,502.788468,506.225,20485,4539,3535,12411,TL,62417,0.7,0.9,502.789455,506.155,19083,4066,3836,11181
29-5-20-0.2,600,120,1714,28968,TL,107581,1.1,1.8,558.041154,563.975,6501,3589,2912,TL,77606,0.7,1.2,559.897262,563.640,5623,2782,2841,TL,48013,0.9,1.3,558.653929,563.661,20462,4407,2361,13694,TL,51361,0.6,0.8,559.843086,563.386,16394,3657,2463,10274
30-5-20-0.2,600,200,1570,21010,TL,138163,0.7,1.0,587.734356,591.834,4725,2499,2226,TL,164910,0.4,0.6,589.507915,591.689,4467,2224,2243,TL,123465,0.3,0.4,589.899232,591.542,17195,3091,1794,12310,TL,146594,0.2,0.3,590.090380,591.542,14056,2558,2176,9322
31-5-20-0.2,700,5,2542,64420,222.0,2986,0.0,3.7,314.322815,314.323,9695,5112,4583,154.2,2260,0.0,4.1,314.322815,314.323,7446,3802,3644,94.5,318,0.0,3.6,314.322815,314.323,16255,4107,2571,9577,56.0,216,0.0,3.3,314.322815,314.323,12730,3665,2609,6456
32-5-20-0.2,700,10,2218,50474,305.5,4076,0.0,1.6,374.870689,374.871,8538,4073,4465,122.0,1814,0.0,1.3,374.870689,374.871,7355,3693,3662,44.9,215,0.0,0.9,374.870689,374.871,10360,3234,2686,4440,38.1,191,0.0,0.8,374.870689,374.871,9917,3025,2617,4275
33-5-20-0.2,700,70,2268,49250,TL,58128,0.7,1.4,620.396174,624.787,9773,4809,4964,TL,59677,0.7,1.2,619.992601,624.521,9173,4031,5142,TL,38495,0.6,1.0,620.211451,624.276,20287,5281,3744,11262,TL,41570,0.5,0.7,621.064221,623.968,19422,4664,3739,11019
34-5-20-0.2,700,140,2450,58282,TL,80769,0.5,1.0,677.852989,681.429,6042,3604,2438,TL,77264,0.3,0.7,679.007363,681.269,5391,2915,2476,TL,44567,0.5,0.7,677.958770,681.267,15946,3926,1823,10197,TL,58719,0.3,0.4,678.992821,681.067,14361,3609,2396,8356
35-5-20-0.2,800,5,3424,143422,28.0,237,0.0,1.6,460.698259,460.698,7048,3746,3302,19.0,102,0.0,1.4,460.698259,460.698,7266,3252,4014,22.7,66,0.0,1.3,460.698259,460.698,9336,2933,4447,1956,20.4,65,0.0,1.1,460.698259,460.698,7505,2761,2971,1773
36-5-20-0.2,800,10,3052,91980,TL,46545,0.9,2.9,479.222647,483.804,13013,5428,7585,TL,39653,0.7,2.5,479.212522,482.674,13682,5247,8435,TL,32090,0.8,2.3,479.222647,483.038,26662,5439,7186,14037,TL,31128,0.8,2.1,479.222647,483.008,25094,4928,7259,12907
37-5-20-0.2,800,80,2762,71842,TL,48021,0.6,1.0,725.966825,730.048,9003,4581,4422,TL,57532,0.5,0.7,726.466401,729.914,8316,3671,4645,TL,25132,0.6,0.9,725.354706,729.948,16323,4666,3172,8485,TL,36980,0.4,0.6,726.474278,729.602,17916,4426,4421,9069
38-5-20-0.2,900,5,4520,224438,445.4,2818,0.0,2.8,563.034051,563.034,12012,5263,6749,219.4,1319,0.0,2.2,563.034051,563.034,9290,4840,4450,376.3,492,0.0,2.2,563.034051,563.034,20507,4416,3382,12709,232.5,383,0.0,2.1,563.034051,563.034,19304,4478,3692,11134
39-5-20-0.2,900,10,4450,227826,2007.6,25598,0.0,1.1,682.841890,682.842,12627,4732,7895,1832.8,23974,0.0,1.1,682.841890,682.842,12217,4424,7793,1922.2,15179,0.0,1.0,682.841890,682.842,19462,4636,6079,8747,1248.7,7630,0.0,0.9,682.841890,682.842,19782,4609,6960,8213
40-5-20-0.2,900,90,3552,140956,TL,50525,0.4,0.7,851.729675,855.563,8001,4621,3380,TL,50769,0.3,0.5,852.412827,855.357,7736,3912,3824,TL,33014,0.4,0.6,851.648407,855.423,15009,4984,2742,7283,TL,34881,0.3,0.4,852.960283,855.235,14748,4553,2959,7236
1-5-20-0.5,100,5,114,64,0.0,0,0.0,0.0,14.600000,14.600,247,119,128,0.0,0,0.0,0.0,14.600000,14.600,230,111,119,0.0,0,0.0,0.0,14.600000,14.600,260,119,125,16,0.0,0,0.0,0.0,14.600000,14.600,246,111,115,20
2-5-20-0.5,100,10,124,76,0.0,0,0.0,0.0,26.720000,26.720,245,118,127,0.0,0,0.0,0.0,26.720000,26.720,253,121,132,0.0,0,0.0,0.0,26.720000,26.720,274,118,126,30,0.0,0,0.0,0.0,26.720000,26.720,261,116,125,20
3-5-20-0.5,100,10,116,100,0.1,14,0.0,0.1,25.633333,25.633,297,136,161,0.1,8,0.0,0.0,25.633333,25.633,285,138,147,0.0,0,0.0,0.0,25.633333,25.633,341,135,126,80,0.0,0,0.0,0.0,25.633333,25.633,338,136,124,78
4-5-20-0.5,100,20,106,56,0.0,1,0.0,0.0,35.420000,35.420,295,142,153,0.1,0,0.0,0.0,35.420000,35.420,293,140,153,0.0,1,0.0,0.0,35.420000,35.420,341,141,150,50,0.0,0,0.0,0.0,35.420000,35.420,315,139,152,24
5-5-20-0.5,100,33,130,114,0.0,3,0.0,0.0,62.111111,62.111,290,154,136,0.1,0,0.0,0.0,62.111111,62.111,284,143,141,0.0,0,0.0,0.0,62.111111,62.111,355,150,131,74,0.0,0,0.0,0.0,62.111111,62.111,326,143,135,48
6-5-20-0.5,200,5,296,430,0.0,0,0.0,0.0,30.133333,30.133,479,234,245,0.0,0,0.0,0.0,30.133333,30.133,473,228,245,0.0,0,0.0,0.0,30.133333,30.133,525,234,245,46,0.0,0,0.0,0.0,30.133333,30.133,495,228,245,22
7-5-20-0.5,200,10,292,592,0.1,3,0.0,0.0,50.325778,50.326,610,305,305,0.1,0,0.0,0.0,50.325778,50.326,574,275,299,0.1,0,0.0,0.0,50.325778,50.326,718,274,268,176,0.1,0,0.0,0.0,50.325778,50.326,700,269,273,158
8-5-20-0.5,200,20,278,418,0.1,0,0.0,0.0,69.660296,69.660,585,283,302,0.1,0,0.0,0.0,69.660296,69.660,569,274,295,0.1,0,0.0,0.0,69.660296,69.660,705,283,274,148,0.0,0,0.0,0.0,69.660296,69.660,650,274,276,100
9-5-20-0.5,200,40,302,502,0.4,175,0.0,0.2,117.590074,117.590,755,379,376,0.3,140,0.0,0.2,117.590074,117.590,723,355,368,0.2,7,0.0,0.0,117.590074,117.590,973,354,283,336,0.1,3,0.0,0.0,117.590074,117.590,934,343,289,302
10-5-20-0.5,200,67,328,900,2.9,1235,0.0,0.4,157.894001,157.894,1014,516,498,1.8,604,0.0,0.4,157.894001,157.894,944,478,466,0.3,17,0.0,0.1,157.894001,157.894,1396,437,281,678,0.3,33,0.0,0.0,157.894001,157.894,1206,411,289,506
11-5-20-0.5,300,5,534,2358,0.2,8,0.0,0.1,62.079704,62.080,948,478,470,0.2,2,0.0,0.0,62.079704,62.080,942,445,497,0.1,0,0.0,0.0,62.079704,62.080,1141,438,404,299,0.1,0,0.0,0.0,62.079704,62.080,1126,427,410,289
12-5-20-0.5,300,10,474,1654,0.3,44,0.0,0.5,79.628889,79.629,1011,470,541,0.3,22,0.0,0.4,79.628889,79.629,1003,453,550,0.2,0,0.0,0.0,79.628889,79.629,1194,443,441,310,0.1,0,0.0,0.0,79.628889,79.629,1182,438,446,298
13-5-20-0.5,300,30,500,2004,9.2,1607,0.0,0.7,152.751872,152.752,1811,901,910,3.6,1232,0.0,0.6,152.751872,152.752,1545,761,784,0.8,24,0.0,0.1,152.751872,152.752,2481,704,529,1248,0.7,23,0.0,0.1,152.751872,152.752,2289,698,605,986
14-5-20-0.5,300,60,502,1586,7.2,1188,0.0,0.5,205.588211,205.588,1952,936,1016,7.2,2097,0.0,0.4,205.588211,205.588,1555,705,850,0.8,15,0.0,0.0,205.588211,205.588,2496,723,555,1218,0.7,13,0.0,0.0,205.588211,205.588,2515,725,564,1226
15-5-20-0.5,300,100,518,2000,12.4,2852,0.0,0.4,247.414301,247.414,2019,962,1057,6.2,1412,0.0,0.4,247.414301,247.414,1665,794,871,2.6,324,0.0,0.1,247.414301,247.414,3124,858,512,1754,3.6,535,0.0,0.1,247.414301,247.414,2884,779,553,1552
16-5-20-0.5,400,5,874,6918,2.8,230,0.0,1.7,107.405037,107.405,2503,1212,1291,1.1,53,0.0,1.4,107.405037,107.405,2007,959,1048,0.9,9,0.0,0.1,107.405037,107.405,2430,784,685,961,0.8,8,0.0,0.1,107.405037,107.405,2425,790,656,979
17-5-20-0.5,400,10,840,5902,1.8,145,0.0,1.1,145.775170,145.775,2337,1193,1144,1.7,162,0.0,1.1,145.775170,145.775,2238,1135,1103,1.1,9,0.0,0.1,145.775170,145.775,2996,923,777,1296,1.1,17,0.0,0.1,145.775170,145.775,3037,961,748,1328
18-5-20-0.5,400,40,738,4070,238.5,45707,0.0,1.1,233.813585,233.814,4300,1871,2429,113.7,13967,0.0,0.8,233.813585,233.814,3529,1549,1980,37.7,1168,0.0,0.5,233.813585,233.814,6308,1343,1051,3914,57.7,2595,0.0,0.4,233.813585,233.814,6384,1269,1003,4112
19-5-20-0.5,400,80,816,4932,914.0,158865,0.0,0.7,317.623692,317.624,3758,1761,1997,122.6,16635,0.0,0.5,317.623692,317.624,3737,1462,2275,47.4,1707,0.0,0.2,317.623692,317.624,6917,1479,1014,4424,28.4,1138,0.0,0.1,317.623692,317.624,6176,1326,1138,3712
20-5-20-0.5,400,133,760,4170,TL,526792,0.1,0.8,362.377438,362.777,3747,1774,1973,TL,427543,0.1,0.6,362.453107,362.761,2901,1302,1599,101.7,6257,0.0,0.3,362.508890,362.509,9103,1593,952,6558,69.6,3733,0.0,0.2,362.508890,362.509,7736,1385,1011,5340
21-5-20-0.5,500,5,1186,12832,0.6,7,0.0,0.1,146.176000,146.176,1799,866,933,0.5,7,0.0,0.1,146.176000,146.176,1817,851,966,0.5,0,0.0,0.0,146.176000,146.176,2184,852,799,533,0.4,0,0.0,0.0,146.176000,146.176,2241,843,799,599
22-5-20-0.5,500,10,1090,9960,8.3,290,0.0,1.1,174.861566,174.862,4508,2427,2081,6.1,233,0.0,1.0,174.861566,174.862,3780,1826,1954,3.0,33,0.0,0.6,174.861566,174.862,4769,1473,1058,2238,2.6,25,0.0,0.5,174.861566,174.862,4229,1323,1072,1834
23-5-20-0.5,500,50,1196,11222,TL,270957,0.1,1.1,354.729833,355.230,6771,3240,3531,1234.5,65913,0.0,0.9,354.872908,354.873,5595,2660,2935,350.9,4185,0.0,0.5,354.872908,354.873,15039,2693,2098,10248,219.1,2370,0.0,0.4,354.872908,354.873,10892,2112,1626,7154
24-5-20-0.5,500,100,1174,11328,TL,303071,0.1,0.5,430.688085,430.980,5042,2312,2730,781.9,71369,0.0,0.4,430.742470,430.742,4747,1875,2872,330.5,10888,0.0,0.2,430.742470,430.742,11471,2285,1808,7378,228.2,6213,0.0,0.2,430.742470,430.742,10002,2082,1834,6086
25-5-20-0.5,500,167,1258,13962,TL,311688,0.1,0.6,476.075149,476.388,3861,1993,1868,TL,282014,0.0,0.5,476.075149,476.196,3108,1631,1477,1362.9,85820,0.0,0.2,476.075149,476.075,11215,2031,1204,7980,1385.7,65151,0.0,0.1,476.075149,476.075,7910,1725,1121,5064
26-5-20-0.5,600,5,1706,30160,4.4,81,0.0,1.6,214.314949,214.315,4196,2379,1817,4.2,44,0.0,1.2,214.314949,214.315,4534,2450,2084,4.4,17,0.0,0.8,214.314949,214.315,6300,2113,1504,2683,4.3,21,0.0,0.6,214.314949,214.315,5401,1992,1681,1728
27-5-20-0.5,600,10,1764,32768,722.7,27652,0.0,1.9,290.939435,290.939,9584,3514,6070,372.4,17293,0.0,1.7,290.939435,290.939,6825,2851,3974,138.9,1165,0.0,1.4,290.939435,290.939,10327,2682,2175,5470,86.9,762,0.0,1.2,290.939435,290.939,11662,2761,2894,6007
28-5-20-0.5,600,60,1716,33584,TL,108100,0.5,0.9,486.535196,488.830,7328,3422,3906,TL,106725,0.4,0.7,486.747208,488.623,6996,3053,3943,TL,84182,0.4,0.7,486.460720,488.282,15326,3471,3049,8806,TL,102688,0.2,0.5,487.053155,488.160,16027,3507,3024,9496
29-5-20-0.5,600,120,1714,28968,TL,164541,0.8,1.2,544.939056,549.254,6042,3193,2849,TL,146178,0.2,0.5,547.767583,549.098,5345,2508,2837,TL,138569,0.3,0.5,547.145318,548.913,14668,3123,2361,9184,TL,71179,0.1,0.3,547.830960,548.632,11702,2526,1970,7206
30-5-20-0.5,600,200,1570,21010,TL,265051,0.2,0.4,582.907629,583.871,4148,2207,1941,TL,215974,0.0,0.2,583.455900,583.723,3689,1946,1743,TL,136417,0.1,0.2,583.234385,583.661,10297,2230,1553,6514,TL,185413,0.0,0.1,583.461287,583.550,8470,1980,1336,5154
31-5-20-0.5,700,5,2542,64420,49.9,696,0.0,3.1,302.451760,302.452,6936,3887,3049,37.4,522,0.0,2.9,302.451760,302.452,6680,3487,3193,26.0,115,0.0,2.3,302.451760,302.452,10736,3451,2010,5275,22.1,99,0.0,2.3,302.451760,302.452,10551,3313,2147,5091
32-5-20-0.5,700,10,2218,50474,36.6,414,0.0,0.8,357.832329,357.832,6040,3198,2842,26.9,414,0.0,0.8,357.832329,357.832,5592,2891,2701,15.1,81,0.0,0.6,357.832329,357.832,7584,2792,1976,2816,13.9,96,0.0,0.6,357.832329,357.832,7536,2676,2059,2801
33-5-20-0.5,700,70,2268,49250,TL,102632,0.3,0.6,600.307750,602.034,7575,3795,3780,TL,91465,0.2,0.5,600.628059,601.897,7167,3325,3842,TL,83760,0.2,0.4,600.467991,601.394,14212,3837,2993,7382,TL,68008,0.1,0.3,600.674412,601.300,15568,3929,3411,8228
34-5-20-0.5,700,140,2450,58282,TL,124792,0.2,0.5,664.204556,665.882,5256,2939,2317,TL,126083,0.0,0.2,665.408477,665.656,4247,2358,1889,TL,172053,0.1,0.2,664.967674,665.774,9303,2738,1621,4944,2958.8,79569,0.0,0.1,665.470867,665.471,8109,2507,1680,3922
35-5-20-0.5,800,5,3424,143422,13.8,68,0.0,1.3,432.061412,432.061,6152,3191,2961,12.2,55,0.0,1.2,432.061412,432.061,5823,2856,2967,20.9,41,0.0,1.2,432.061412,432.061,7315,2850,2521,1944,16.9,45,0.0,1.2,432.061412,432.061,7136,2706,2480,1950
36-5-20-0.5,800,10,3052,91980,TL,40413,0.5,2.2,453.182826,455.505,12853,5358,7495,3539.8,53410,0.0,1.9,453.182826,453.183,12188,5157,7031,1572.7,2360,0.0,1.9,453.182826,453.183,16964,4468,3060,9436,1045.5,1946,0.0,1.8,453.182826,453.183,15890,4151,2962,8777
37-5-20-0.5,800,80,2762,71842,TL,69109,0.2,0.4,703.743233,705.211,7351,3697,3654,TL,71479,0.1,0.3,704.056712,704.949,6551,3272,3279,TL,81941,0.1,0.3,704.135640,705.095,11766,3572,2770,5424,TL,55909,0.1,0.3,704.043682,704.916,13013,3637,3348,6028
38-5-20-0.5,900,5,4520,224438,81.5,379,0.0,2.0,526.269965,526.270,8352,4464,3888,89.2,391,0.0,2.0,526.271282,526.271,8599,4498,4101,114.1,250,0.0,1.9,526.269965,526.270,13148,4518,3645,4985,120.7,247,0.0,2.0,526.269965,526.270,11956,4142,3417,4397
39-5-20-0.5,900,10,4450,227826,93.0,627,0.0,0.7,637.701181,637.701,7263,3526,3737,83.8,505,0.0,0.7,637.701181,637.701,7098,3758,3340,150.1,336,0.0,0.7,637.701181,637.701,9519,3719,3504,2296,127.9,286,0.0,0.7,637.701181,637.701,9094,3608,3331,2155
40-5-20-0.5,900,90,3552,140956,TL,77847,0.2,0.3,824.557458,826.254,7413,4246,3167,TL,67979,0.0,0.2,825.469363,825.881,6136,3406,2730,TL,69192,0.1,0.2,825.138979,825.861,10299,3833,2358,4108,TL,67150,0.1,0.2,825.405246,825.936,9237,3428,2485,3324
1-5-20-0.8,100,5,114,64,0.0,0,0.0,0.0,14.600000,14.600,229,111,118,0.0,0,0.0,0.0,14.600000,14.600,230,111,119,0.0,0,0.0,0.0,14.600000,14.600,242,111,115,16,0.0,0,0.0,0.0,14.600000,14.600,242,111,115,16
2-5-20-0.8,100,10,124,76,0.1,0,0.0,0.0,26.648000,26.648,244,118,126,0.1,0,0.0,0.0,26.648000,26.648,250,122,128,0.0,0,0.0,0.0,26.648000,26.648,253,116,121,16,0.0,0,0.0,0.0,26.648000,26.648,253,116,121,16
3-5-20-0.8,100,10,116,100,0.0,0,0.0,0.0,25.613333,25.613,265,129,136,0.0,0,0.0,0.0,25.613333,25.613,269,132,137,0.0,0,0.0,0.0,25.613333,25.613,301,129,128,44,0.0,0,0.0,0.0,25.613333,25.613,304,130,128,46
4-5-20-0.8,100,20,106,56,0.0,1,0.0,0.0,35.408000,35.408,268,130,138,0.0,0,0.0,0.0,35.408000,35.408,279,136,143,0.0,0,0.0,0.0,35.408000,35.408,299,130,137,32,0.0,0,0.0,0.0,35.408000,35.408,290,135,143,12
5-5-20-0.8,100,33,130,114,0.0,0,0.0,0.0,62.004444,62.004,356,182,174,0.0,0,0.0,0.0,62.004444,62.004,292,151,141,0.0,0,0.0,0.0,62.004444,62.004,402,179,165,58,0.0,0,0.0,0.0,62.004444,62.004,329,148,131,50
6-5-20-0.8,200,5,296,430,0.0,0,0.0,0.0,30.133333,30.133,476,230,246,0.0,0,0.0,0.0,30.133333,30.133,476,230,246,0.0,0,0.0,0.0,30.133333,30.133,498,230,246,22,0.0,0,0.0,0.0,30.133333,30.133,498,230,246,22
7-5-20-0.8,200,10,292,592,0.1,0,0.0,0.0,50.205867,50.206,532,263,269,0.0,0,0.0,0.0,50.205867,50.206,541,266,275,0.0,0,0.0,0.0,50.205867,50.206,614,263,261,90,0.0,0,0.0,0.0,50.205867,50.206,618,266,262,90
8-5-20-0.8,200,20,278,418,0.1,0,0.0,0.0,69.544119,69.544,573,273,300,0.0,0,0.0,0.0,69.544119,69.544,565,273,292,0.0,0,0.0,0.0,69.544119,69.544,633,273,282,78,0.0,0,0.0,0.0,69.544119,69.544,618,273,279,66
9-5-20-0.8,200,40,302,502,0.1,6,0.0,0.0,117.076030,117.076,675,343,332,0.1,3,0.0,0.0,117.076030,117.076,646,325,321,0.1,0,0.0,0.0,117.076030,117.076,828,328,286,214,0.1,2,0.0,0.0,117.076030,117.076,796,322,292,182
10-5-20-0.8,200,67,328,900,0.2,56,0.0,0.0,157.131214,157.131,748,379,369,0.1,18,0.0,0.0,157.131214,157.131,738,365,373,0.2,2,0.0,0.0,157.131214,157.131,1107,389,300,418,0.1,3,0.0,0.0,157.131214,157.131,986,366,296,324
11-5-20-0.8,300,5,534,2358,0.1,0,0.0,0.0,61.631881,61.632,847,416,431,0.1,0,0.0,0.0,61.631881,61.632,850,417,433,0.1,0,0.0,0.0,61.631881,61.632,1041,416,415,210,0.1,0,0.0,0.0,61.631881,61.632,1047,417,410,220
12-5-20-0.8,300,10,474,1654,0.2,7,0.0,0.1,79.251556,79.252,1002,457,545,0.2,5,0.0,0.0,79.251556,79.252,982,451,531,0.1,0,0.0,0.0,79.251556,79.252,1144,440,452,252,0.1,0,0.0,0.0,79.251556,79.252,1118,440,454,224
13-5-20-0.8,300,30,500,2004,0.5,49,0.0,0.1,151.100749,151.101,1321,632,689,0.4,64,0.0,0.1,151.100749,151.101,1306,584,722,0.4,4,0.0,0.0,151.100749,151.101,1752,586,564,602,0.4,3,0.0,0.0,151.100749,151.101,1638,564,570,504
14-5-20-0.8,300,60,502,1586,1.8,588,0.0,0.1,203.813062,203.813,1391,675,716,1.1,328,0.0,0.1,203.813062,203.813,1331,631,700,0.4,6,0.0,0.0,203.813062,203.813,1818,630,534,654,0.4,3,0.0,0.0,203.813062,203.813,1792,625,575,592
15-5-20-0.8,300,100,518,2000,2.8,574,0.0,0.1,244.776804,244.777,1438,721,717,2.5,562,0.0,0.1,244.776804,244.777,1347,658,689,0.6,40,0.0,0.0,244.776804,244.777,2182,693,497,992,0.6,37,0.0,0.0,244.776804,244.777,1988,643,513,832
16-5-20-0.8,400,5,874,6918,0.5,12,0.0,0.3,105.842015,105.842,1665,780,885,0.6,9,0.0,0.2,105.842015,105.842,1681,765,916,0.3,0,0.0,0.0,105.842015,105.842,1881,702,641,538,0.3,0,0.0,0.0,105.842015,105.842,1955,701,660,594
17-5-20-0.8,400,10,840,5902,0.6,15,0.0,0.1,143.630068,143.630,1793,898,895,0.6,15,0.0,0.2,143.630068,143.630,1769,935,834,0.5,0,0.0,0.0,143.630068,143.630,2219,803,708,708,0.4,0,0.0,0.0,143.630068,143.630,2258,822,692,744
18-5-20-0.8,400,40,738,4070,5.8,1023,0.0,0.2,230.274635,230.275,2327,1110,1217,1.9,244,0.0,0.1,230.274635,230.275,2117,972,1145,1.5,16,0.0,0.0,230.274635,230.275,3404,965,869,1570,1.3,20,0.0,0.0,230.274635,230.275,3191,915,860,1416
19-5-20-0.8,400,80,816,4932,7.4,653,0.0,0.1,312.678708,312.679,2781,1223,1558,10.8,3060,0.0,0.1,312.678708,312.679,2376,1075,1301,1.8,76,0.0,0.0,312.678708,312.679,3873,1085,966,1822,1.5,61,0.0,0.0,312.678708,312.679,3577,1067,902,1608
20-5-20-0.8,400,133,760,4170,15.6,2299,0.0,0.2,357.997858,357.998,2359,1110,1249,8.0,1000,0.0,0.1,357.997858,357.998,2049,937,1112,2.3,96,0.0,0.0,357.997858,357.998,3814,1018,738,2058,2.0,126,0.0,0.0,357.997858,357.998,3253,940,709,1604
21-5-20-0.8,500,5,1186,12832,0.4,0,0.0,0.0,143.190400,143.190,1720,882,838,0.3,0,0.0,0.0,143.190400,143.190,1721,880,841,0.5,0,0.0,0.0,143.190400,143.190,2201,882,817,502,0.5,0,0.0,0.0,143.190400,143.190,2199,880,820,499
22-5-20-0.8,500,10,1090,9960,2.1,48,0.0,0.5,171.224626,171.225,2779,1356,1423,1.7,39,0.0,0.4,171.224626,171.225,2718,1224,1494,1.7,15,0.0,0.1,171.224626,171.225,4138,1185,1167,1786,1.6,15,0.0,0.1,171.224626,171.225,3770,1149,1195,1426
23-5-20-0.8,500,50,1196,11222,33.0,2442,0.0,0.2,346.943387,346.943,3384,1658,1726,8.6,977,0.0,0.2,346.943387,346.943,3138,1490,1648,3.7,28,0.0,0.0,346.943387,346.943,5234,1562,1238,2434,3.0,17,0.0,0.0,346.943387,346.943,4526,1434,1236,1856
24-5-20-0.8,500,100,1174,11328,20.1,1526,0.0,0.1,422.367616,422.368,3643,1555,2088,17.8,1598,0.0,0.1,422.367616,422.368,3365,1367,1998,6.1,183,0.0,0.0,422.367567,422.368,5075,1402,1423,2250,7.7,330,0.0,0.0,422.367616,422.368,4894,1350,1410,2134
25-5-20-0.8,500,167,1258,13962,16.2,1230,0.0,0.1,470.462752,470.463,3011,1581,1430,7.6,556,0.0,0.1,470.462752,470.463,2639,1414,1225,6.9,234,0.0,0.0,470.462727,470.463,4467,1456,1023,1988,4.0,160,0.0,0.0,470.462752,470.463,3874,1416,1016,1442
26-5-20-0.8,600,5,1706,30160,2.6,23,0.0,0.6,206.885980,206.886,4464,2291,2173,2.6,27,0.0,0.5,206.885980,206.886,4111,1968,2143,3.8,23,0.0,0.2,206.885980,206.886,5229,1987,1567,1675,3.7,11,0.0,0.2,206.885980,206.886,5348,1979,1722,1647
27-5-20-0.8,600,10,1764,32768,28.4,527,0.0,1.0,278.785548,278.786,6128,2768,3360,18.4,348,0.0,0.9,278.785548,278.786,5775,2588,3187,20.8,144,0.0,0.7,278.785548,278.786,9529,2497,2578,4454,13.4,99,0.0,0.7,278.785548,278.786,8378,2501,2329,3548
28-5-20-0.8,600,60,1716,33584,TL,211146,0.0,0.3,472.577840,472.709,6031,2554,3477,1947.6,111509,0.0,0.3,472.577840,472.578,6072,2421,3651,1723.8,81975,0.0,0.2,472.577840,472.578,10402,2428,3074,4900,253.1,2590,0.0,0.2,472.577840,472.578,8786,2200,1824,4762
29-5-20-0.8,600,120,1714,28968,330.6,30241,0.0,0.1,537.051344,537.051,4503,2134,2369,58.3,3404,0.0,0.1,537.051344,537.051,3804,1826,1978,59.0,1307,0.0,0.0,537.051344,537.051,6279,1837,1278,3164,35.9,725,0.0,0.0,537.051344,537.051,5617,1703,1360,2554
30-5-20-0.8,600,200,1570,21010,203.5,22346,0.0,0.1,577.397367,577.397,3241,1721,1520,46.7,5479,0.0,0.1,577.397359,577.397,2870,1541,1329,85.2,8036,0.0,0.0,577.397075,577.397,5754,1667,1185,2902,29.5,1658,0.0,0.0,577.397359,577.397,4648,1556,1078,2014
31-5-20-0.8,700,5,2542,64420,8.4,74,0.0,1.6,290.580704,290.581,5260,2656,2604,8.8,75,0.0,1.4,290.580704,290.581,5300,2735,2565,11.7,45,0.0,1.3,290.580704,290.581,7881,2725,2080,3076,10.3,41,0.0,1.2,290.580704,290.581,7307,2718,2137,2452
32-5-20-0.8,700,10,2218,50474,8.8,85,0.0,0.4,340.812931,340.813,5239,2674,2565,6.7,53,0.0,0.4,340.812931,340.813,4831,2486,2345,9.1,44,0.0,0.4,340.812931,340.813,6608,2518,2072,2018,9.3,33,0.0,0.3,340.812931,340.813,6709,2564,2087,2058
33-5-20-0.8,700,70,2268,49250,2487.1,131564,0.0,0.2,581.924207,581.924,6872,3001,3871,1426.4,71659,0.0,0.2,581.924207,581.924,6671,2706,3965,1557.8,77372,0.0,0.1,581.924207,581.924,10661,3034,3689,3938,188.8,2500,0.0,0.1,581.924207,581.924,7673,2560,2195,2918
34-5-20-0.8,700,140,2450,58282,29.7,695,0.0,0.0,653.348898,653.349,3456,2083,1373,29.7,2721,0.0,0.0,653.348898,653.349,2981,1812,1169,32.3,561,0.0,0.0,653.348898,653.349,4694,1918,1120,1656,6.8,46,0.0,0.0,653.348898,653.349,3575,1655,976,944
35-5-20-0.8,800,5,3424,143422,10.0,37,0.0,1.2,403.506182,403.506,6033,3312,2721,11.8,45,0.0,1.3,403.506182,403.506,6454,3350,3104,15.6,33,0.0,1.1,403.506182,403.506,7181,2994,2610,1577,14.6,47,0.0,1.2,403.506182,403.506,7304,2747,2617,1940
36-5-20-0.8,800,10,3052,91980,353.8,1612,0.0,1.7,427.423707,427.424,9402,4924,4478,264.6,1336,0.0,1.5,427.423707,427.424,8668,4520,4148,473.8,825,0.0,1.6,427.423707,427.424,16379,4331,3064,8984,361.6,586,0.0,1.5,427.423707,427.424,15947,4283,3367,8297
37-5-20-0.8,800,80,2762,71842,3014.2,115458,0.0,0.1,683.417993,683.418,6524,2907,3617,2725.2,122793,0.0,0.1,683.417993,683.418,6314,2653,3661,1961.0,81674,0.0,0.1,683.417993,683.418,9060,2769,2959,3332,910.5,32299,0.0,0.1,683.417993,683.418,8858,2807,3175,2876
38-5-20-0.8,900,5,4520,224438,43.8,123,0.0,1.6,490.736301,490.736,8749,4346,4403,47.9,125,0.0,1.5,490.736301,490.736,9107,4670,4437,82.0,112,0.0,1.5,490.736301,490.736,12837,4644,3638,4555,83.8,106,0.0,1.5,490.736301,490.736,12918,4687,3676,4555
39-5-20-0.8,900,10,4450,227826,64.7,211,0.0,0.7,592.560472,592.560,8010,4061,3949,59.9,216,0.0,0.7,592.560472,592.560,7613,3918,3695,95.9,163,0.0,0.7,592.560472,592.560,9524,3878,3669,1977,116.2,187,0.0,0.7,592.560472,592.560,11663,4400,5055,2208
40-5-20-0.8,900,90,3552,140956,598.2,24659,0.0,0.1,801.052497,801.052,5726,3033,2693,108.3,2691,0.0,0.1,801.052497,801.052,4579,2736,1843,151.3,922,0.0,0.1,801.052497,801.052,6361,2848,1811,1702,106.0,697,0.0,0.1,801.052497,801.052,5950,2777,1763,1410
1-10-25-0.2,100,5,138,60,0.0,0,0.0,0.0,17.533333,17.533,240,115,125,0.0,0,0.0,0.0,17.533333,17.533,226,109,117,0.0,0,0.0,0.0,17.533333,17.533,244,109,117,18,0.0,0,0.0,0.0,17.533333,17.533,238,109,117,12
2-10-25-0.2,100,10,152,78,0.1,0,0.0,0.0,31.795970,31.796,243,118,125,0.0,0,0.0,0.0,31.795970,31.796,242,118,124,0.1,2,0.0,0.0,31.795970,31.796,297,120,125,52,0.0,0,0.0,0.0,31.795970,31.796,276,122,126,28
3-10-25-0.2,100,10,136,110,0.1,8,0.0,0.1,32.000000,32.000,268,134,134,0.1,16,0.0,0.2,32.000000,32.000,267,132,135,0.0,0,0.0,0.0,32.000000,32.000,311,128,127,56,0.0,0,0.0,0.0,32.000000,32.000,306,125,123,58
4-10-25-0.2,100,20,126,66,0.0,0,0.0,0.0,43.555556,43.556,256,129,127,0.0,0,0.0,0.0,43.555556,43.556,260,131,129,0.0,0,0.0,0.0,43.555556,43.556,312,130,122,60,0.0,0,0.0,0.0,43.555556,43.556,287,127,124,36
5-10-25-0.2,100,33,174,116,0.0,10,0.0,0.1,70.431111,70.431,321,168,153,0.0,19,0.0,0.1,70.431111,70.431,323,160,163,0.0,4,0.0,0.0,70.431111,70.431,401,160,139,102,0.0,0,0.0,0.0,70.431111,70.431,414,166,154,94
6-10-25-0.2,200,5,408,628,0.1,0,0.0,0.0,41.221333,41.221,538,248,290,0.1,0,0.0,0.0,41.221333,41.221,543,241,302,0.1,0,0.0,0.0,41.221333,41.221,667,244,263,160,0.1,0,0.0,0.0,41.221333,41.221,603,242,265,96
7-10-25-0.2,200,10,414,906,1.0,380,0.0,0.9,67.985126,67.985,1062,575,487,0.3,79,0.0,0.7,67.985126,67.985,863,417,446,0.2,4,0.0,0.0,67.985126,67.985,1097,370,281,446,0.2,5,0.0,0.0,67.985126,67.985,1013,359,290,364
8-10-25-0.2,200,20,360,658,0.8,387,0.0,0.7,93.383467,93.383,840,419,421,0.3,124,0.0,0.5,93.383467,93.383,739,352,387,0.1,0,0.0,0.0,93.383467,93.383,871,316,267,288,0.1,0,0.0,0.0,93.383467,93.383,820,310,276,234
9-10-25-0.2,200,40,418,686,2.4,632,0.0,0.7,140.754639,140.755,1209,626,583,30.0,646,0.0,0.4,140.754639,140.755,1008,512,496,0.5,85,0.0,0.1,140.754639,140.755,1533,464,289,780,0.5,102,0.0,0.1,140.754639,140.755,1304,402,298,604
10-10-25-0.2,200,67,526,1372,9.9,3073,0.0,0.8,184.061721,184.062,1699,901,798,6.9,2275,0.0,0.7,184.061721,184.062,1492,739,753,3.4,658,0.0,0.3,184.061721,184.062,2728,685,373,1670,2.9,641,0.0,0.3,184.061721,184.062,2511,642,415,1454
11-10-25-0.2,300,5,1004,3968,0.6,33,0.0,0.7,96.199407,96.199,1596,934,662,0.5,37,0.0,0.6,96.199407,96.199,1447,761,686,0.2,0,0.0,0.0,96.199407,96.199,1238,465,403,370,0.1,0,0.0,0.0,96.199407,96.199,1264,478,409,377
12-10-25-0.2,300,10,814,2756,4.1,669,0.0,1.1,121.767289,121.767,2527,1396,1131,2.7,348,0.0,1.3,121.767289,121.767,1964,974,990,0.6,3,0.0,0.0,121.767289,121.767,1995,633,482,880,0.5,6,0.0,0.0,121.767289,121.767,1884,612,484,788
13-10-25-0.2,300,30,902,3342,28.3,3934,0.0,1.3,200.248337,200.248,3197,1840,1357,17.4,1897,0.0,1.1,200.248337,200.248,2320,1205,1115,2.5,109,0.0,0.4,200.248337,200.248,3305,901,485,1919,1.6,66,0.0,0.3,200.248337,200.248,3003,866,510,1627
14-10-25-0.2,300,60,804,2722,41.9,7056,0.0,1.0,247.419304,247.419,3306,1890,1416,21.1,2604,0.0,0.8,247.419304,247.419,3015,1598,1417,12.8,431,0.0,0.2,247.419560,247.420,6021,1387,788,3846,11.1,632,0.0,0.2,247.419560,247.420,4601,1070,659,2872
15-10-25-0.2,300,100,910,3470,TL,560022,0.3,1.5,285.639966,286.506,3957,2089,1868,TL,610446,0.1,1.0,285.963709,286.317,3234,1589,1645,1449.7,102167,0.0,0.5,286.007997,286.008,9025,1638,895,6492,674.9,47690,0.0,0.4,286.007997,286.008,8110,1531,975,5604
16-10-25-0.2,400,5,1974,13784,14.1,616,0.0,2.8,181.420630,181.421,3989,2234,1755,4.4,187,0.0,1.7,181.420630,181.421,3690,1837,1853,2.2,16,0.0,0.7,181.420630,181.421,5075,1511,905,2659,2.0,19,0.0,0.6,181.420630,181.421,3879,1251,787,1841
17-10-25-0.2,400,10,1738,11266,138.0,8502,0.0,3.9,220.593527,220.594,5946,3495,2451,88.8,5249,0.0,2.7,220.593928,220.594,5355,2896,2459,30.7,323,0.0,1.6,220.593928,220.594,8441,1903,964,5574,9.0,161,0.0,1.4,220.593527,220.594,6894,1786,1044,4064
18-10-25-0.2,400,40,1430,7758,TL,273780,0.6,2.2,308.378376,310.202,5590,2955,2635,TL,293672,0.4,1.5,308.789492,310.161,4737,2254,2483,879.7,13791,0.0,0.9,308.978211,308.978,16901,2781,1270,12850,671.9,9440,0.0,0.8,308.978211,308.978,14909,2357,1294,11258
19-10-25-0.2,400,80,1644,9618,TL,277858,0.6,1.5,373.862341,376.223,5180,2751,2429,TL,288006,0.2,0.9,375.446147,376.198,4303,2137,2166,1358.6,34634,0.0,0.4,375.663114,375.663,14681,2618,971,11092,394.1,8997,0.0,0.3,375.663114,375.663,11685,2144,1053,8488
20-10-25-0.2,400,133,1462,8014,TL,384315,0.2,0.4,396.711051,397.490,4007,1884,2123,TL,366704,0.1,0.3,397.028304,397.392,3125,1657,1468,TL,151704,0.0,0.1,397.156713,397.165,9245,1764,901,6580,1309.1,71591,0.0,0.1,397.156713,397.157,8527,1824,885,5818
21-10-25-0.2,500,5,2918,27626,2.6,77,0.0,1.2,252.423896,252.424,3104,1814,1290,2.1,41,0.0,0.7,252.423896,252.424,2626,1380,1246,1.9,11,0.0,0.0,252.423896,252.424,3217,1172,827,1218,1.9,5,0.0,0.0,252.423896,252.424,3329,1370,812,1147
22-10-25-0.2,500,10,2496,21494,704.3,14350,0.0,3.6,284.236407,284.236,8791,5240,3551,314.4,7768,0.0,2.9,284.236407,284.236,7896,4490,3406,156.8,828,0.0,2.1,284.236407,284.236,12609,2874,1539,8196,74.1,506,0.0,1.8,284.236407,284.236,10181,2520,1606,6055
23-10-25-0.2,500,50,2772,24348,TL,114603,1.3,2.2,441.255920,446.872,7449,4197,3252,TL,137099,0.9,1.6,442.650173,446.541,6658,3371,3287,TL,82422,1.0,1.5,442.072932,446.328,22402,4007,2055,16340,TL,93512,0.6,1.1,443.131125,446.023,20949,3486,2325,15138
24-10-25-0.2,500,100,2810,23810,TL,184500,0.7,1.1,488.944191,492.194,4882,2794,2088,TL,176131,0.3,0.6,490.569472,492.084,4302,2364,1938,TL,82957,0.6,0.8,489.164859,492.033,18996,3206,1467,14323,TL,81555,0.2,0.4,490.616638,491.807,15114,2671,1496,10947
25-10-25-0.2,500,167,3078,29866,124.2,24178,0.0,0.0,499.697565,499.698,2026,1248,778,23.1,3297,0.0,0.0,499.697636,499.698,2832,1741,1091,46.8,2774,0.0,0.0,499.697469,499.697,4438,1377,625,2436,74.0,10357,0.0,0.0,499.697459,499.697,3569,1385,726,1458
26-10-25-0.2,600,5,5086,70238,82.2,1265,0.0,2.5,370.604017,370.604,6354,3545,2809,34.8,545,0.0,2.2,370.604017,370.604,6017,3332,2685,47.7,232,0.0,2.0,370.604017,370.604,9911,2971,1795,5145,31.9,192,0.0,1.6,370.604017,370.604,8933,2752,1812,4369
27-10-25-0.2,600,10,5420,75078,1162.6,41971,0.0,1.8,446.980312,446.980,8594,4142,4452,455.2,12016,0.0,1.5,446.980312,446.980,7030,3417,3613,1286.9,28631,0.0,1.3,446.980312,446.980,20779,3581,4021,13177,773.5,16369,0.0,1.1,446.980312,446.980,14420,2870,2505,9045
28-10-25-0.2,600,60,5338,78458,TL,95461,0.6,1.1,572.863691,576.530,6462,3794,2668,TL,117094,0.5,0.7,573.824293,576.479,5999,3117,2882,TL,99902,0.6,0.8,573.173793,576.466,13994,3846,2122,8026,TL,105861,0.4,0.5,574.236257,576.319,13342,3493,2527,7322
29-10-25-0.2,600,120,4982,67654,TL,181121,0.3,0.3,595.972406,597.536,4379,2708,1671,TL,153177,0.1,0.1,597.109741,597.456,3674,2358,1316,TL,144189,0.1,0.2,596.737037,597.476,9895,2770,1097,6028,TL,86749,0.0,0.1,597.179039,597.387,8576,2545,955,5076
30-10-25-0.2,600,200,4284,48514,0.7,0,0.0,0.0,600.000000,600.000,2563,1545,1018,0.9,0,0.0,0.0,600.000000,600.000,2639,1560,1079,1.7,0,0.0,0.0,600.000000,600.000,2930,1506,972,452,1.6,0,0.0,0.0,600.000000,600.000,3200,1628,1068,504
31-10-25-0.2,700,5,8624,152102,421.9,6951,0.0,3.0,510.572027,510.572,9952,5487,4465,272.3,3915,0.0,2.4,510.572027,510.572,9680,5141,4539,1369.4,1493,0.0,2.6,510.572027,510.572,30098,5174,2029,22895,371.8,1022,0.0,2.4,510.572027,510.572,19580,4770,2576,12234
32-10-25-0.2,700,10,7294,123992,880.0,9774,0.0,1.4,553.668413,553.668,9784,5961,3823,1341.6,45552,0.0,1.1,553.668413,553.668,7933,4088,3845,2009.6,27584,0.0,1.1,553.668413,553.668,16758,4423,3336,8999,918.7,2206,0.0,1.0,553.668413,553.668,14030,3765,2121,8144
33-10-25-0.2,700,70,7110,121930,TL,83736,0.2,0.5,687.668947,689.286,5799,3636,2163,TL,97231,0.2,0.4,687.574193,689.161,5897,3258,2639,TL,76312,0.2,0.4,687.816402,689.109,12835,3912,1555,7368,TL,100456,0.2,0.3,687.701565,689.063,11558,3817,1789,5952
34-10-25-0.2,700,140,8044,141988,15.0,1669,0.0,0.0,699.831488,699.831,2691,1840,851,5.8,361,0.0,0.0,699.831342,699.831,2654,1826,828,28.6,1055,0.0,0.0,699.830996,699.831,3538,2083,1031,424,13.5,210,0.0,0.0,699.831026,699.831,2933,1748,767,418
35-10-25-0.2,800,5,14838,312066,88.2,565,0.0,1.1,668.819703,668.820,6461,4027,2434,38.0,308,0.0,1.0,668.819703,668.820,5510,3350,2160,130.4,225,0.0,1.0,668.819703,668.820,9975,3675,2040,4260,71.8,171,0.0,1.0,668.819703,668.820,7376,3071,1953,2352
36-10-25-0.2,800,10,10904,224412,TL,46821,0.4,1.3,677.465347,680.443,11030,5577,5453,TL,32134,0.3,1.0,677.465347,679.418,9783,4619,5164,TL,34604,0.3,1.1,677.499392,679.811,21076,6315,4559,10202,TL,40550,0.3,1.0,677.465347,679.342,17796,4781,5031,7984
37-10-25-0.2,800,80,9072,186296,TL,59137,0.2,0.4,790.050314,791.793,4855,3485,1370,TL,84694,0.2,0.3,790.212079,791.753,5222,3297,1925,TL,52651,0.2,0.3,789.937409,791.742,11439,4093,1404,5942,TL,43196,0.2,0.2,790.374726,791.653,10669,3714,1423,5532
38-10-25-0.2,900,5,21526,466312,994.2,6826,0.0,1.2,788.212151,788.212,10654,5577,5077,671.0,2847,0.0,1.2,788.212151,788.212,8482,4719,3763,2307.4,6754,0.0,1.2,788.212151,788.212,22430,5757,4886,11787,1045.2,2166,0.0,1.0,788.212151,788.212,18678,4963,3462,10253
39-10-25-0.2,900,10,21248,471774,TL,79742,0.2,0.5,841.150116,842.563,8904,5226,3678,TL,37157,0.1,0.5,841.039043,842.197,7927,4224,3703,TL,49135,0.2,0.5,840.859926,842.778,10797,5217,3294,2286,TL,40926,0.1,0.5,841.039043,842.175,10076,4264,3381,2431
40-10-25-0.2,900,90,14636,345298,TL,130576,0.0,0.1,896.969978,897.284,2883,2315,568,TL,117958,0.0,0.1,897.048880,897.282,2763,2262,501,TL,92648,0.0,0.1,897.028880,897.267,5106,2533,413,2160,TL,94872,0.0,0.0,897.047526,897.239,4593,2507,442,1644
1-10-25-0.5,100,5,138,60,0.0,0,0.0,0.0,17.533333,17.533,225,109,116,0.0,0,0.0,0.0,17.533333,17.533,224,109,115,0.0,0,0.0,0.0,17.533333,17.533,242,109,115,18,0.0,0,0.0,0.0,17.533333,17.533,234,109,115,10
2-10-25-0.5,100,10,152,78,0.1,0,0.0,0.0,31.697481,31.697,255,123,132,0.0,0,0.0,0.0,31.697481,31.697,239,115,124,0.0,0,0.0,0.0,31.697481,31.697,280,119,127,34,0.0,0,0.0,0.0,31.697481,31.697,272,121,129,22
3-10-25-0.5,100,10,136,110,0.0,0,0.0,0.0,32.000000,32.000,264,132,132,0.0,0,0.0,0.0,32.000000,32.000,249,122,127,0.0,0,0.0,0.0,32.000000,32.000,290,122,120,48,0.0,0,0.0,0.0,32.000000,32.000,285,123,126,36
4-10-25-0.5,100,20,126,66,0.0,0,0.0,0.0,43.522222,43.522,253,128,125,0.0,0,0.0,0.0,43.522222,43.522,250,125,125,0.0,0,0.0,0.0,43.522222,43.522,289,128,123,38,0.0,0,0.0,0.0,43.522222,43.522,274,125,123,26
5-10-25-0.5,100,33,174,116,0.1,7,0.0,0.0,70.344444,70.344,360,186,174,0.0,8,0.0,0.0,70.344444,70.344,342,175,167,0.1,0,0.0,0.0,70.344444,70.344,417,179,160,78,0.0,0,0.0,0.0,70.344444,70.344,390,171,161,58
6-10-25-0.5,200,5,408,628,0.1,0,0.0,0.0,41.113333,41.113,511,241,270,0.1,0,0.0,0.0,41.113333,41.113,517,238,279,0.1,0,0.0,0.0,41.113333,41.113,610,241,259,110,0.1,0,0.0,0.0,41.113333,41.113,577,238,263,76
7-10-25-0.5,200,10,414,906,0.2,28,0.0,0.3,67.615704,67.616,740,359,381,0.2,43,0.0,0.2,67.615704,67.616,732,344,388,0.1,0,0.0,0.0,67.615704,67.616,920,326,278,316,0.1,0,0.0,0.0,67.615704,67.616,905,319,298,288
8-10-25-0.5,200,20,360,658,0.2,61,0.0,0.1,93.114667,93.115,700,337,363,0.2,32,0.0,0.2,93.114667,93.115,696,337,359,0.1,0,0.0,0.0,93.114667,93.115,817,313,276,228,0.1,0,0.0,0.0,93.114667,93.115,804,313,287,204
9-10-25-0.5,200,40,418,686,0.9,488,0.0,0.2,140.161649,140.162,842,439,403,0.2,57,0.0,0.1,140.161649,140.162,712,362,350,0.2,16,0.0,0.0,140.161649,140.162,1094,370,284,440,0.2,13,0.0,0.0,140.161649,140.162,1025,360,287,378
10-10-25-0.5,200,67,526,1372,5.3,2084,0.0,0.4,182.753165,182.753,1292,644,648,4.2,1921,0.0,0.4,182.753165,182.753,1150,586,564,0.7,77,0.0,0.1,182.753165,182.753,2021,580,351,1090,0.9,129,0.0,0.1,182.753165,182.753,2023,592,395,1036
11-10-25-0.5,300,5,1004,3968,0.3,9,0.0,0.0,95.449630,95.450,1075,596,479,0.2,7,0.0,0.0,95.449630,95.450,1000,542,458,0.2,0,0.0,0.0,95.449630,95.450,1277,492,410,375,0.1,0,0.0,0.0,95.449630,95.450,1250,489,410,351
12-10-25-0.5,300,10,814,2756,1.4,89,0.0,0.6,120.579556,120.580,1877,993,884,0.8,45,0.0,0.4,120.579556,120.580,1611,768,843,0.3,0,0.0,0.0,120.579556,120.580,1703,566,463,674,0.4,0,0.0,0.0,120.579556,120.580,1720,563,467,690
13-10-25-0.5,300,30,902,3342,6.3,991,0.0,0.4,198.405211,198.405,1771,964,807,2.6,458,0.0,0.4,198.405211,198.405,1507,796,711,0.7,18,0.0,0.0,198.405211,198.405,2043,655,452,936,0.9,27,0.0,0.0,198.405211,198.405,2179,689,514,976
14-10-25-0.5,300,60,804,2722,9.5,1617,0.0,0.3,245.202065,245.202,2075,984,1091,6.5,1303,0.0,0.3,245.202065,245.202,1666,767,899,1.8,130,0.0,0.1,245.202225,245.202,2765,790,593,1382,1.1,111,0.0,0.1,245.202225,245.202,2468,771,567,1130
15-10-25-0.5,300,100,910,3470,255.4,67019,0.0,0.5,283.163954,283.164,2503,1341,1162,50.8,10242,0.0,0.4,283.163954,283.164,2325,1147,1178,9.9,824,0.0,0.1,283.163954,283.164,4528,1064,612,2852,8.8,897,0.0,0.1,283.163954,283.164,4164,1049,641,2474
16-10-25-0.5,400,5,1974,13784,2.6,110,0.0,1.3,177.562894,177.563,3113,1608,1505,1.3,39,0.0,1.3,177.562894,177.563,2531,1271,1260,1.6,11,0.0,0.4,177.562894,177.563,3487,1217,748,1522,2.0,11,0.0,0.4,177.562894,177.563,3148,1114,736,1298
17-10-25-0.5,400,10,1738,11266,55.6,2754,0.0,2.3,216.971205,216.971,4278,2362,1916,9.2,543,0.0,1.7,216.971205,216.971,3178,1703,1475,4.4,52,0.0,0.7,216.971205,216.971,5675,1667,933,3075,4.3,47,0.0,0.7,216.971205,216.971,5556,1659,939,2958
18-10-25-0.5,400,40,1430,7758,403.7,44737,0.0,0.9,304.491726,304.492,3911,2145,1766,241.4,19291,0.0,0.8,304.491726,304.492,4134,2163,1971,40.4,682,0.0,0.4,304.491726,304.492,6944,1656,830,4458,16.8,306,0.0,0.3,304.491726,304.492,5896,1544,796,3556
19-10-25-0.5,400,80,1644,9618,275.5,41703,0.0,0.4,371.859675,371.860,3212,1710,1502,59.9,7347,0.0,0.3,371.859675,371.860,2678,1339,1339,23.7,800,0.0,0.1,371.859675,371.860,5231,1358,577,3296,9.2,366,0.0,0.1,371.859675,371.860,3921,1086,659,2176
20-10-25-0.5,400,133,1462,8014,70.2,14944,0.0,0.1,395.681146,395.681,2251,1255,996,22.4,1783,0.0,0.1,395.681146,395.681,2128,1207,921,9.7,873,0.0,0.0,395.681146,395.681,3441,1104,711,1626,3.4,169,0.0,0.0,395.681146,395.681,2901,1014,649,1238
21-10-25-0.5,500,5,2918,27626,1.2,15,0.0,0.2,246.639935,246.640,2366,1196,1170,1.2,15,0.0,0.3,246.639935,246.640,2453,1240,1213,0.8,0,0.0,0.0,246.639935,246.640,2573,1017,792,764,0.8,0,0.0,0.0,246.639935,246.640,2553,1015,826,712
22-10-25-0.5,500,10,2496,21494,126.7,2514,0.0,2.2,277.372755,277.373,6708,3838,2870,55.0,1017,0.0,1.7,277.372755,277.373,5095,2666,2429,15.3,128,0.0,1.1,277.372755,277.373,8587,2520,1595,4472,17.4,129,0.0,1.2,277.372755,277.373,7523,2111,1374,4038
23-10-25-0.5,500,50,2772,24348,TL,187947,0.3,0.9,436.349491,437.842,6386,3388,2998,TL,126641,0.1,0.7,436.673696,437.207,5439,2869,2570,TL,41219,0.1,0.6,436.612486,437.025,18074,3173,1921,12980,2498.8,42062,0.0,0.5,436.673696,436.674,16716,2863,1677,12176
24-10-25-0.5,500,100,2810,23810,TL,245390,0.3,0.5,485.747672,487.060,4503,2470,2033,TL,213858,0.0,0.2,486.764168,486.798,3507,1874,1633,2925.8,152857,0.0,0.2,486.765138,486.765,10579,2175,1200,7204,234.8,6963,0.0,0.1,486.765138,486.765,10048,2041,1239,6768
25-10-25-0.5,500,167,3078,29866,8.6,1030,0.0,0.0,499.369488,499.369,1650,1080,570,14.8,2698,0.0,0.0,499.369503,499.370,1719,1103,616,20.0,1482,0.0,0.0,499.369491,499.369,2554,1004,512,1038,12.4,776,0.0,0.0,499.369424,499.369,2800,1146,564,1090
26-10-25-0.5,600,5,5086,70238,27.6,352,0.0,1.9,356.702511,356.703,6085,3262,2823,13.5,203,0.0,1.7,356.702511,356.703,5329,3043,2286,18.9,105,0.0,1.5,356.702511,356.703,8414,2997,1810,3607,18.8,90,0.0,1.4,356.702511,356.703,8281,2931,2088,3262
27-10-25-0.5,600,10,5420,75078,492.4,14214,0.0,1.3,431.380149,431.380,6633,3408,3225,131.7,2007,0.0,1.1,431.380149,431.380,5067,2804,2263,251.4,1465,0.0,1.0,431.380149,431.380,9369,2857,1780,4732,136.4,910,0.0,1.0,431.380149,431.380,9006,2476,1795,4735
28-10-25-0.5,600,60,5338,78458,TL,146794,0.4,0.7,564.365294,566.702,4889,2870,2019,TL,130522,0.2,0.4,565.762519,566.678,5068,2653,2415,TL,150122,0.4,0.5,564.706016,566.709,10583,3011,1652,5920,TL,62393,0.1,0.3,565.899493,566.350,10181,2826,1765,5590
29-10-25-0.5,600,120,4982,67654,TL,244919,0.1,0.2,594.123701,594.759,3525,2050,1475,351.9,23638,0.0,0.1,594.670803,594.671,2510,1600,910,480.7,21934,0.0,0.1,594.670760,594.671,5368,1704,600,3064,157.1,4879,0.0,0.0,594.670744,594.671,5649,1805,720,3124
30-10-25-0.5,600,200,4284,48514,0.0,0,0.0,0.0,600.000000,600.000,0,0,0,0.0,0,0.0,0.0,600.000000,600.000,0,0,0,0.0,0,0.0,0.0,600.000000,600.000,0,0,0,0,0.0,0,0.0,0.0,600.000000,600.000,0,0,0,0
31-10-25-0.5,700,5,8624,152102,87.0,788,0.0,2.0,490.907517,490.908,8323,4987,3336,65.1,603,0.0,2.1,490.907517,490.908,6616,4037,2579,156.3,372,0.0,2.0,490.907517,490.908,15768,4194,1994,9580,91.5,269,0.0,1.8,490.907517,490.908,12639,3903,2266,6470
32-10-25-0.5,700,10,7294,123992,154.7,1188,0.0,0.9,533.117758,533.118,6143,3770,2373,125.1,944,0.0,0.8,533.117758,533.118,6125,3697,2428,160.9,430,0.0,0.7,533.117758,533.118,9526,3734,2119,3673,72.2,305,0.0,0.6,533.117758,533.118,9489,3623,2437,3429
33-10-25-0.5,700,70,7110,121930,TL,106414,0.1,0.3,679.667622,680.613,4589,2888,1701,TL,123572,0.1,0.2,679.960162,680.646,3922,2340,1582,TL,84310,0.1,0.2,679.881096,680.339,8373,2911,1108,4354,TL,77434,0.0,0.2,679.995487,680.192,7714,2817,1333,3564
34-10-25-0.5,700,140,8044,141988,4.9,369,0.0,0.0,699.594551,699.595,2172,1543,629,1.8,27,0.0,0.0,699.594645,699.595,2744,1868,876,8.1,70,0.0,0.0,699.594353,699.594,2644,1586,632,426,5.7,29,0.0,0.0,699.594672,699.595,3034,1763,829,442
35-10-25-0.5,800,5,14838,312066,25.9,121,0.0,1.1,640.362314,640.362,5543,3562,1981,23.2,139,0.0,1.2,640.362314,640.362,5222,3454,1768,61.3,113,0.0,1.1,640.362314,640.362,7754,3541,1897,2316,45.3,95,0.0,1.1,640.362314,640.362,6425,3281,1880,1264
36-10-25-0.5,800,10,10904,224412,TL,30007,0.4,1.3,649.239704,652.021,11563,5826,5737,TL,29176,0.4,1.2,649.059714,651.942,11313,5331,5982,TL,28484,0.5,1.3,649.220128,652.414,18811,5849,4632,8330,TL,24881,0.4,1.2,649.060640,651.791,15907,5642,4830,5435
37-10-25-0.5,800,80,9072,186296,TL,102489,0.2,0.3,782.640225,784.128,4820,3292,1528,TL,92259,0.0,0.2,783.453433,783.855,3818,2686,1132,TL,103692,0.2,0.3,782.700341,783.986,8166,3073,1203,3890,TL,55668,0.0,0.1,783.426041,783.757,7647,2877,1016,3754
38-10-25-0.5,900,5,21526,466312,282.5,1127,0.0,1.2,755.857594,755.858,7872,4715,3157,104.2,502,0.0,1.1,755.857594,755.858,8161,4827,3334,260.0,417,0.0,1.1,755.857594,755.858,11487,4834,3516,3137,269.8,531,0.0,1.0,755.857594,755.858,11026,4865,2998,3163
39-10-25-0.5,900,10,21248,471774,TL,29364,0.2,0.7,813.623325,815.218,7683,4487,3196,TL,21270,0.2,0.7,813.695197,815.601,8891,4570,4321,TL,23313,0.1,0.7,813.705590,814.772,9380,4373,2958,2049,TL,23590,0.2,0.7,813.657251,815.196,9851,4846,3832,1173
40-10-25-0.5,900,90,14636,345298,TL,170882,0.0,0.1,893.343939,893.434,2685,2195,490,TL,153682,0.0,0.1,893.311391,893.530,2683,2088,595,TL,120871,0.0,0.1,893.366937,893.424,4602,2356,454,1792,2317.0,72689,0.0,0.1,893.375919,893.376,4291,2343,496,1452
1-10-25-0.8,100,5,138,60,0.0,0,0.0,0.0,17.533333,17.533,242,118,124,0.0,0,0.0,0.0,17.533333,17.533,245,118,127,0.0,0,0.0,0.0,17.533333,17.533,254,118,124,12,0.0,0,0.0,0.0,17.533333,17.533,251,118,127,6
2-10-25-0.8,100,10,152,78,0.0,0,0.0,0.0,31.598993,31.599,237,115,122,0.0,0,0.0,0.0,31.598993,31.599,236,115,121,0.0,0,0.0,0.0,31.598993,31.599,271,121,128,22,0.0,0,0.0,0.0,31.598993,31.599,254,115,121,18
3-10-25-0.8,100,10,136,110,0.0,0,0.0,0.0,32.000000,32.000,239,117,122,0.0,0,0.0,0.0,32.000000,32.000,277,135,142,0.0,0,0.0,0.0,32.000000,32.000,244,117,121,6,0.1,0,0.0,0.0,32.000000,32.000,283,135,142,6
4-10-25-0.8,100,20,126,66,0.0,0,0.0,0.0,43.488889,43.489,251,127,124,0.0,0,0.0,0.0,43.488889,43.489,248,124,124,0.0,0,0.0,0.0,43.488889,43.489,280,127,123,30,0.0,0,0.0,0.0,43.488889,43.489,263,124,123,16
5-10-25-0.8,100,33,174,116,0.0,3,0.0,0.0,70.257778,70.258,349,179,170,0.0,2,0.0,0.0,70.257778,70.258,332,167,165,0.0,0,0.0,0.0,70.257778,70.258,387,174,161,52,0.0,0,0.0,0.0,70.257778,70.258,360,167,161,32
6-10-25-0.8,200,5,408,628,0.1,0,0.0,0.0,41.005333,41.005,521,238,283,0.1,0,0.0,0.0,41.005333,41.005,521,238,283,0.1,0,0.0,0.0,41.005333,41.005,576,238,278,60,0.1,0,0.0,0.0,41.005333,41.005,576,238,278,60
7-10-25-0.8,200,10,414,906,0.1,34,0.0,0.1,67.246281,67.246,665,316,349,0.1,11,0.0,0.0,67.246281,67.246,632,304,328,0.1,4,0.0,0.0,67.246281,67.246,805,303,274,228,0.1,4,0.0,0.0,67.246281,67.246,815,305,284,226
8-10-25-0.8,200,20,360,658,0.1,17,0.0,0.0,92.845867,92.846,616,308,308,0.1,11,0.0,0.0,92.845867,92.846,620,311,309,0.1,0,0.0,0.0,92.845867,92.846,751,307,284,160,0.1,0,0.0,0.0,92.845867,92.846,740,310,286,144
9-10-25-0.8,200,40,418,686,0.1,7,0.0,0.0,139.584660,139.585,683,358,325,0.1,7,0.0,0.0,139.584660,139.585,670,345,325,0.1,0,0.0,0.0,139.584660,139.585,931,352,275,304,0.1,4,0.0,0.0,139.584660,139.585,877,348,281,248
10-10-25-0.8,200,67,526,1372,0.7,321,0.0,0.1,182.017436,182.017,782,411,371,0.3,112,0.0,0.1,182.017436,182.017,720,384,336,0.2,12,0.0,0.0,182.017436,182.017,1128,378,264,486,0.2,6,0.0,0.0,182.017436,182.017,1024,375,267,382
11-10-25-0.8,300,5,1004,3968,0.1,0,0.0,0.0,94.699852,94.700,942,504,438,0.1,0,0.0,0.0,94.699852,94.700,898,458,440,0.1,0,0.0,0.0,94.699852,94.700,1143,457,412,274,0.1,0,0.0,0.0,94.699852,94.700,1129,458,413,258
12-10-25-0.8,300,10,814,2756,0.5,27,0.0,0.2,119.391822,119.392,1348,593,755,0.3,14,0.0,0.1,119.391822,119.392,1260,578,682,0.3,0,0.0,0.0,119.391822,119.392,1585,546,503,536,0.3,0,0.0,0.0,119.391822,119.392,1532,524,494,514
13-10-25-0.8,300,30,902,3342,0.8,83,0.0,0.0,196.562084,196.562,1313,675,638,0.3,18,0.0,0.0,196.562084,196.562,1100,569,531,0.2,0,0.0,0.0,196.562084,196.562,1533,557,438,538,0.2,0,0.0,0.0,196.562084,196.562,1583,573,456,554
14-10-25-0.8,300,60,804,2722,1.3,290,0.0,0.1,243.469531,243.470,1448,728,720,2.8,1011,0.0,0.1,243.469531,243.470,1286,662,624,0.8,46,0.0,0.0,243.469595,243.470,2096,711,531,854,0.6,43,0.0,0.0,243.469595,243.470,1918,673,477,768
15-10-25-0.8,300,100,910,3470,5.7,1762,0.0,0.1,281.151558,281.152,1589,875,714,2.8,776,0.0,0.1,281.151558,281.152,1533,827,706,0.4,0,0.0,0.0,281.151558,281.152,2259,807,522,930,0.3,0,0.0,0.0,281.151558,281.152,2176,774,558,844
16-10-25-0.8,400,5,1974,13784,0.8,19,0.0,0.6,173.705158,173.705,2068,1088,980,0.8,11,0.0,0.5,173.705158,173.705,2095,1139,956,1.4,9,0.0,0.2,173.705158,173.705,3171,1064,854,1253,1.4,3,0.0,0.0,173.705158,173.705,3383,1043,875,1465
17-10-25-0.8,400,10,1738,11266,1.9,56,0.0,0.5,213.348482,213.348,2824,1458,1366,1.5,33,0.0,0.5,213.348482,213.348,2715,1329,1386,2.7,20,0.0,0.2,213.348482,213.348,4180,1303,929,1948,2.2,17,0.0,0.2,213.348482,213.348,3900,1231,853,1816
18-10-25-0.8,400,40,1430,7758,8.7,907,0.0,0.2,300.602215,300.602,2381,1293,1088,2.9,336,0.0,0.2,300.602215,300.602,2333,1092,1241,1.7,32,0.0,0.0,300.602215,300.602,3617,1085,748,1784,1.7,27,0.0,0.0,300.602215,300.602,3350,1041,767,1542
19-10-25-0.8,400,80,1644,9618,7.0,1005,0.0,0.1,368.984542,368.985,2102,1040,1062,2.5,381,0.0,0.0,368.984542,368.985,1810,914,896,1.3,26,0.0,0.0,368.984542,368.985,2720,920,702,1098,0.9,3,0.0,0.0,368.984542,368.985,2486,850,740,896
20-10-25-0.8,400,133,1462,8014,4.8,901,0.0,0.0,394.491263,394.491,1804,1036,768,1.3,182,0.0,0.0,394.491263,394.491,1644,915,729,1.1,49,0.0,0.0,394.491263,394.491,2455,970,665,820,1.0,45,0.0,0.0,394.491243,394.491,2206,904,646,656
21-10-25-0.8,500,5,2918,27626,0.6,0,0.0,0.0,240.855974,240.856,1924,1054,870,0.5,0,0.0,0.0,240.855974,240.856,1919,1054,865,0.8,0,0.0,0.0,240.855974,240.856,2657,1031,818,808,0.8,0,0.0,0.0,240.855974,240.856,2614,1025,820,769
22-10-25-0.8,500,10,2496,21494,6.0,97,0.0,0.8,270.509102,270.509,4290,2382,1908,4.6,65,0.0,0.8,270.509102,270.509,4141,2067,2074,5.2,42,0.0,0.7,270.509102,270.509,6717,2045,1560,3112,6.2,35,0.0,0.6,270.509102,270.509,6361,1911,1703,2747
23-10-25-0.8,500,50,2772,24348,176.6,10436,0.0,0.3,430.599690,430.600,4481,2547,1934,60.2,2412,0.0,0.3,430.599690,430.600,4235,2284,1951,681.1,53286,0.0,0.3,430.599690,430.600,8808,2016,1466,5326,93.1,1283,0.0,0.2,430.599690,430.600,7230,1853,1135,4242
24-10-25-0.8,500,100,2810,23810,25.5,1592,0.0,0.1,483.425868,483.426,2936,1584,1352,12.7,1907,0.0,0.0,483.425868,483.426,2339,1313,1026,6.2,103,0.0,0.0,483.425868,483.426,3774,1351,963,1460,2.7,28,0.0,0.0,483.425868,483.426,3318,1284,910,1124
25-10-25-0.8,500,167,3078,29866,10.3,1473,0.0,0.0,499.067795,499.068,1831,1187,644,1.6,123,0.0,0.0,499.067779,499.068,1863,1195,668,19.7,1215,0.0,0.0,499.067718,499.068,3148,1182,556,1410,10.0,652,0.0,0.0,499.067791,499.068,2979,1233,566,1180
26-10-25-0.8,600,5,5086,70238,9.8,96,0.0,1.3,343.158615,343.159,5502,3028,2474,8.7,71,0.0,1.3,343.158615,343.159,5094,2675,2419,15.6,57,0.0,1.1,343.158615,343.159,7167,2825,1753,2589,11.7,45,0.0,1.1,343.158615,343.159,7043,2814,1913,2316
27-10-25-0.8,600,10,5420,75078,20.7,314,0.0,0.6,417.266940,417.267,5630,3005,2625,24.1,331,0.0,0.7,417.266940,417.267,4675,2520,2155,25.7,143,0.0,0.5,417.266940,417.267,8982,2990,2112,3880,21.4,127,0.0,0.6,417.266940,417.267,7206,2619,1942,2645
28-10-25-0.8,600,60,5338,78458,112.0,3652,0.0,0.2,559.023234,559.023,4293,2447,1846,428.4,26452,0.0,0.2,559.023234,559.023,3695,1939,1756,456.6,25589,0.0,0.1,559.023554,559.024,5586,1935,1407,2244,454.4,25865,0.0,0.1,559.023234,559.023,5358,1955,1507,1896
29-10-25-0.8,600,120,4982,67654,66.9,5869,0.0,0.0,592.421071,592.421,2381,1514,867,17.3,1556,0.0,0.0,592.421070,592.421,2152,1372,780,275.6,27937,0.0,0.0,592.421070,592.421,3861,1383,822,1656,41.4,1231,0.0,0.0,592.421071,592.421,3350,1346,634,1370
30-10-25-0.8,600,200,4284,48514,0.0,0,0.0,0.0,600.000000,600.000,0,0,0,0.0,0,0.0,0.0,600.000000,600.000,0,0,0,0.0,0,0.0,0.0,600.000000,600.000,0,0,0,0,0.0,0,0.0,0.0,600.000000,600.000,0,0,0,0
31-10-25-0.8,700,5,8624,152102,16.2,103,0.0,1.5,471.243007,471.243,5649,3491,2158,16.7,97,0.0,1.4,471.243007,471.243,6025,3490,2535,30.8,69,0.0,1.4,471.243007,471.243,9207,3651,2282,3274,30.4,83,0.0,1.3,471.243007,471.243,8523,3394,2351,2778
32-10-25-0.8,700,10,7294,123992,21.9,126,0.0,0.5,512.626067,512.626,6123,3519,2604,22.4,117,0.0,0.5,512.626067,512.626,6342,3592,2750,28.0,71,0.0,0.5,512.626067,512.626,6458,3266,2036,1156,30.2,112,0.0,0.4,512.626067,512.626,7071,3302,2176,1593
33-10-25-0.8,700,70,7110,121930,918.8,50813,0.0,0.1,673.223932,673.224,3756,2333,1423,1242.6,78080,0.0,0.1,673.223932,673.224,3416,2166,1250,1079.5,52770,0.0,0.1,673.223932,673.224,6553,2241,1278,3034,782.8,35162,0.0,0.1,673.223932,673.224,5230,2088,1288,1854
34-10-25-0.8,700,140,8044,141988,5.9,461,0.0,0.0,699.357886,699.358,2706,1768,938,1.6,26,0.0,0.0,699.357813,699.358,2626,1698,928,8.3,60,0.0,0.0,699.357859,699.358,3092,1755,913,424,5.7,39,0.0,0.0,699.357904,699.358,2901,1686,905,310
35-10-25-0.8,800,5,14838,312066,18.4,75,0.0,1.2,611.904926,611.905,5531,3448,2083,18.5,81,0.0,1.2,611.904926,611.905,5593,3452,2141,44.4,78,0.0,1.2,611.904926,611.905,6976,3699,2347,930,39.6,67,0.0,1.2,611.904926,611.905,6616,3538,2424,654
36-10-25-0.8,800,10,10904,224412,TL,20918,0.4,1.6,620.970150,623.177,10745,5983,4762,TL,15769,0.4,1.6,621.064256,623.542,11459,5998,5461,TL,15480,0.5,1.6,621.245561,624.677,16061,5687,4942,5432,TL,18112,0.5,1.5,621.245561,624.680,15241,5529,4739,4973
37-10-25-0.8,800,80,9072,186296,340.6,15019,0.0,0.1,777.419376,777.419,3510,2456,1054,261.3,11065,0.0,0.1,777.419376,777.419,3195,2243,952,442.2,9415,0.0,0.1,777.419384,777.419,6624,2666,1066,2892,877.4,31525,0.0,0.1,777.419384,777.419,4826,2183,1009,1634
38-10-25-0.8,900,5,21526,466312,75.6,279,0.0,1.2,723.503038,723.503,7473,4739,2734,46.0,184,0.0,1.2,723.503038,723.503,6859,4550,2309,156.0,239,0.0,1.2,723.503038,723.503,9097,4736,2614,1747,173.4,251,0.0,1.1,723.503038,723.503,9472,4601,2859,2012
39-10-25-0.8,900,10,21248,471774,TL,31694,0.3,0.9,787.414761,789.965,8809,4832,3977,TL,32880,0.3,0.8,787.655274,789.971,8672,4819,3853,2028.9,14130,0.0,0.8,787.655274,787.655,8751,4755,2921,1075,2876.5,23455,0.0,0.8,787.655274,787.655,8703,4699,2895,1109
40-10-25-0.8,900,90,14636,345298,377.8,14063,0.0,0.1,889.914755,889.915,2514,2077,437,300.4,12816,0.0,0.1,889.915072,889.915,2740,2218,522,613.9,21690,0.0,0.1,889.914737,889.915,3623,2123,418,1082,269.2,6366,0.0,0.1,889.914755,889.915,3291,2127,396,768
