,,,,,vB&C-I,,,,,,,vB&C-I+E,,,,,,,vB&C-I+L,,,,,,,vB&C-I+E+L,,,,,,,,
id,|V|,K,#C1,#CP,T,N,Gap(%),RGap(%),Obj,UB,C,T,N,Gap(%),RGap(%),Obj,UB,C,T,N,Gap(%),RGap(%),Obj,UB,C,T,N,Gap(%),RGap(%),Obj,UB,#CL,mCL,C
1-10-25-0.2,100,5,138,60,0.1,0,0.0,0.0,17.533,17.533,240,0.4,0,0.0,0.0,17.533,17.533,226,0.0,0,0.0,0.0,17.533,17.533,235,0.1,0,0.0,0.0,17.533,17.533,0,1,232
2-10-25-0.2,100,10,152,78,0.7,0,0.0,0.0,31.796,31.796,243,0.0,0,0.0,0.0,31.796,31.796,242,0.1,2,0.0,0.0,31.796,31.796,271,0.1,0,0.0,0.0,31.796,31.796,0,1,262
3-10-25-0.2,100,10,136,110,0.4,8,0.0,0.2,32.000,32.000,268,0.1,16,0.0,0.2,32.000,32.000,267,0.1,0,0.0,0.0,32.000,32.000,283,0.1,0,0.0,0.0,32.000,32.000,0,1,277
4-10-25-0.2,100,20,126,66,0.7,0,0.0,0.0,43.556,43.556,256,0.1,0,0.0,0.0,43.556,43.556,260,0.1,0,0.0,0.0,43.556,43.556,282,0.1,0,0.0,0.0,43.556,43.556,0,1,269
5-10-25-0.2,100,33,174,116,0.1,10,0.0,1.6,70.431,70.431,321,0.1,19,0.0,1.5,70.431,70.431,323,0.5,4,0.0,1.5,70.431,70.431,350,0.3,0,0.0,0.0,70.431,70.431,0,1,367
6-10-25-0.2,200,5,408,628,0.1,0,0.0,0.0,41.221,41.221,538,0.1,0,0.0,0.0,41.221,41.221,543,0.1,0,0.0,0.0,41.221,41.221,587,0.1,0,0.0,0.0,41.221,41.221,0,1,555
7-10-25-0.2,200,10,414,906,2.7,380,0.0,1.6,67.985,67.985,1062,0.9,79,0.0,1.5,67.985,67.985,863,0.4,7,0.0,0.7,67.985,67.985,859,1.1,2,0.0,0.0,67.985,67.985,0,1,833
8-10-25-0.2,200,20,360,658,2.4,387,0.0,1.3,93.383,93.383,840,0.6,124,0.0,0.8,93.383,93.383,739,0.1,0,0.0,0.0,93.383,93.383,728,0.1,0,0.0,0.0,93.383,93.383,0,1,703
9-10-25-0.2,200,40,418,686,5.7,632,0.0,1.8,140.755,140.755,1209,6.5,646,0.0,1.5,140.755,140.755,1008,0.4,62,0.0,1.2,140.755,140.755,1080,0.5,54,0.0,1.2,140.755,140.755,0,1,987
10-10-25-0.2,200,67,526,1372,18.7,3073,0.0,1.2,184.062,184.062,1699,17.1,3010,0.0,1.1,184.062,184.062,1672,6.4,605,0.0,0.7,184.062,184.062,1964,4.0,554,0.0,0.7,184.062,184.062,0,1,1845
11-10-25-0.2,300,5,1004,3968,0.7,33,0.0,0.7,96.199,96.199,1596,3.5,37,0.0,0.7,96.199,96.199,1447,0.2,0,0.0,0.0,96.199,96.199,1055,0.2,0,0.0,0.0,96.199,96.199,0,1,1079
12-10-25-0.2,300,10,814,2756,6.1,669,0.0,1.1,121.767,121.767,2527,6.4,349,0.0,1.9,121.767,121.767,1883,0.6,4,0.0,<0.1,121.767,121.767,1570,2.0,5,0.0,0.0,121.767,121.767,0,1,1488
13-10-25-0.2,300,30,902,3342,37.0,3768,0.0,3.0,200.248,200.248,3011,9.3,1299,0.0,2.7,200.248,200.248,2489,3.6,133,0.0,1.9,200.248,200.248,2622,1.6,67,0.0,1.9,200.248,200.248,0,1,2294
14-10-25-0.2,300,60,804,2722,69.9,7056,0.0,2.5,247.419,247.419,3306,30.1,2452,0.0,2.2,247.419,247.419,3154,13.5,451,0.0,0.9,247.420,247.420,4008,10.4,608,0.0,0.3,247.419,247.419,0,1,2995
15-10-25-0.2,300,100,910,3470,TL,635222,0.2,2.0,285.827,286.444,3729,TL,653427,0.1,1.7,285.909,286.278,3338,1691.3,137877,0.0,1.1,286.008,286.008,5441,511.6,36049,0.0,1.1,286.008,286.008,0,1,4959
16-10-25-0.2,400,5,1974,13784,15.3,616,0.0,4.7,181.421,181.421,3989,5.6,187,0.0,2.4,181.421,181.421,3690,2.3,18,0.0,0.9,181.421,181.421,3212,7.0,19,0.0,0.8,181.421,181.421,0,1,3022
17-10-25-0.2,400,10,1738,11266,154.9,8502,0.0,5.2,220.594,220.594,5946,95.8,5249,0.0,3.3,220.594,220.594,5355,24.0,321,0.0,1.6,220.594,220.594,5123,15.2,161,0.0,1.3,220.594,220.594,0,1,5046
18-10-25-0.2,400,40,1430,7758,TL,337402,0.7,2.5,308.038,310.206,5783,TL,242345,0.5,2.1,308.596,310.066,4534,887.6,16703,0.0,1.5,308.978,308.978,10097,580.0,8094,0.0,1.4,308.978,308.978,0,1,9993
19-10-25-0.2,400,80,1644,9618,TL,263451,0.4,2.1,374.956,376.546,4428,TL,314554,0.2,1.9,375.447,376.205,3825,1309.8,36068,0.0,1.4,375.663,375.663,9010,549.9,15017,0.0,1.4,375.663,375.663,0,1,8095
20-10-25-0.2,400,133,1462,8014,TL,439396,0.2,0.9,396.477,397.455,4158,TL,435256,0.1,0.9,396.970,397.417,3124,2739.3,159642,0.0,0.7,397.157,397.157,5819,806.2,41068,0.0,0.7,397.157,397.157,0,1,5759
21-10-25-0.2,500,5,2918,27626,2.7,77,0.0,1.1,252.424,252.424,3104,1.9,41,0.0,0.8,252.424,252.424,2626,3.5,7,0.0,<0.1,252.424,252.424,3070,4.3,5,0.0,<0.1,252.424,252.424,0,1,2803
22-10-25-0.2,500,10,2496,21494,815.0,33422,0.0,5.2,284.236,284.236,9786,259.1,7612,0.0,3.1,284.236,284.236,7822,148.1,742,0.0,2.9,284.236,284.236,8801,108.8,646,0.0,2.0,284.236,284.236,0,1,7672
23-10-25-0.2,500,50,2772,24348,TL,182410,1.1,2.2,441.856,446.754,7347,TL,170411,0.7,1.9,443.662,446.588,6332,TL,127890,1.0,1.7,442.063,446.386,16445,TL,31979,0.5,1.6,443.575,445.937,0,1,13863
24-10-25-0.2,500,100,2810,23810,TL,197619,0.7,1.1,488.999,492.162,5078,TL,207685,0.3,1.0,490.601,492.072,4503,TL,58301,0.5,0.8,489.679,491.950,11694,TL,62125,0.2,0.7,490.690,491.801,1,3,9996
25-10-25-0.2,500,167,3078,29866,223.5,24178,0.0,0.2,499.698,499.698,2026,19.6,3297,0.0,0.2,499.698,499.698,2832,88.7,6756,0.0,0.2,499.698,499.698,2939,39.8,2496,0.0,0.2,499.698,499.698,0,1,2837
26-10-25-0.2,600,5,5086,70238,83.4,1265,0.0,2.7,370.604,370.604,6354,31.8,545,0.0,2.3,370.604,370.604,6017,45.0,231,0.0,2.1,370.604,370.604,7876,33.2,192,0.0,1.8,370.604,370.604,0,1,6956
27-10-25-0.2,600,10,5420,75078,1380.8,46140,0.0,2.3,446.980,446.980,9496,777.3,26205,0.0,1.7,446.980,446.980,7945,1367.6,27962,0.0,1.5,446.980,446.980,12360,997.4,20830,0.0,1.3,446.980,446.980,1,2,12442
28-10-25-0.2,600,60,5338,78458,TL,144887,0.6,1.2,573.264,576.529,6084,TL,142813,0.4,1.1,573.749,576.322,5855,TL,140511,0.5,1.0,573.248,576.390,9918,TL,132691,0.4,0.9,574.173,576.318,1,2,10094
29-10-25-0.2,600,120,4982,67654,TL,212150,0.2,0.4,596.392,597.545,4416,TL,175856,<0.1,0.4,597.174,597.461,3765,TL,232194,0.2,0.4,596.497,597.469,7004,TL,135002,<0.1,0.4,597.142,597.395,0,1,6167
30-10-25-0.2,600,200,4284,48514,0.7,0,0.0,0.0,600.000,600.000,2563,4.1,0,0.0,0.0,600.000,600.000,2639,1.2,0,0.0,0.0,600.000,600.000,2705,2.9,0,0.0,0.0,600.000,600.000,0,1,2948
31-10-25-0.2,700,5,8624,152102,414.4,7413,0.0,3.0,510.572,510.572,9719,262.1,3915,0.0,2.5,510.572,510.572,9680,786.6,1003,0.0,2.4,510.572,510.572,20433,415.4,911,0.0,2.4,510.572,510.572,0,1,15616
32-10-25-0.2,700,10,7294,123992,822.3,10549,0.0,1.9,553.668,553.668,9591,1001.1,33649,0.0,1.1,553.668,553.668,8047,1807.0,26714,0.0,1.2,553.668,553.668,11336,953.1,2215,0.0,1.0,553.668,553.668,0,1,9981
33-10-25-0.2,700,70,7110,121930,TL,98433,0.2,0.9,687.553,689.228,5800,TL,110712,0.2,0.7,687.650,689.101,5859,TL,83938,0.2,0.7,687.666,689.074,9236,TL,93572,0.2,0.5,687.650,689.050,0,1,8191
34-10-25-0.2,700,140,8044,141988,24.5,1669,0.0,<0.1,699.831,699.831,2691,10.8,361,0.0,<0.1,699.831,699.831,2654,22.8,662,0.0,<0.1,699.832,699.832,2836,13.2,93,0.0,0.0,699.831,699.831,0,1,2701
35-10-25-0.2,800,5,14838,312066,87.6,565,0.0,1.1,668.820,668.820,6461,42.2,308,0.0,1.0,668.820,668.820,5510,118.4,233,0.0,1.1,668.820,668.820,8136,67.5,159,0.0,0.9,668.820,668.820,0,1,5704
36-10-25-0.2,800,10,10904,224412,TL,53176,0.4,1.5,677.465,680.135,11131,TL,39592,0.2,1.3,677.465,678.985,9909,TL,34092,0.4,1.4,677.251,680.318,16818,TL,45106,0.2,1.0,677.499,679.145,0,1,13153
37-10-25-0.2,800,80,9072,186296,TL,93814,0.2,0.6,790.235,791.804,5103,TL,78420,0.2,0.5,790.282,791.724,5314,TL,70759,0.2,0.5,789.799,791.743,8722,TL,82461,0.2,0.5,790.338,791.594,0,1,7610
38-10-25-0.2,900,5,21526,466312,1108.2,8053,0.0,1.6,788.212,788.212,10548,792.5,2847,0.0,1.5,788.212,788.212,8482,2715.9,8683,0.0,1.5,788.212,788.212,18856,827.6,2245,0.0,1.2,788.212,788.212,0,1,14729
39-10-25-0.2,900,10,21248,471774,TL,56944,0.2,0.5,841.039,842.682,8323,TL,43027,0.1,0.6,841.150,842.241,8113,TL,48382,0.3,0.6,840.521,842.777,9576,TL,46527,0.1,0.5,840.944,842.266,0,1,8855
40-10-25-0.2,900,90,14636,345298,TL,139772,<0.1,0.2,896.970,897.282,2883,TL,142114,<0.1,0.2,897.028,897.269,2710,TL,102474,<0.1,0.1,897.024,897.255,4156,TL,99743,<0.1,0.1,897.084,897.244,0,1,3812

