,,,,,B&C-B,,,,,,,,,B&C-I,,,,,,,,
id,|V|,K,#C1,#CP,T,N,Gap(%),RGap(%),Obj,UB,#CL,mCL,C,T,N,Gap(%),RGap(%),Obj,UB,#CL,mCL,C
1-5-20-0.8,100,5,114,64,0.0,0,0.0,0.0,14.600,14.600,0,1,216,0.1,0,0.0,0.0,14.600,14.600,0,1,234
2-5-20-0.8,100,10,124,76,0.1,0,0.0,0.0,26.648,26.648,0,1,250,0.0,0,0.0,0.0,26.648,26.648,0,1,245
3-5-20-0.8,100,10,116,100,0.4,0,0.0,0.0,25.613,25.613,0,1,290,0.3,0,0.0,0.0,25.613,25.613,0,1,281
4-5-20-0.8,100,20,106,56,0.1,0,0.0,0.0,35.408,35.408,0,1,340,0.0,0,0.0,0.0,35.408,35.408,0,1,284
5-5-20-0.8,100,33,130,114,0.1,0,0.0,0.0,62.004,62.004,0,1,293,0.0,0,0.0,0.0,62.004,62.004,0,1,304
6-5-20-0.8,200,5,296,430,0.0,0,0.0,0.0,30.133,30.133,0,1,460,0.1,0,0.0,0.0,30.133,30.133,0,1,487
7-5-20-0.8,200,10,292,592,0.1,0,0.0,0.0,50.206,50.206,0,1,521,0.1,0,0.0,0.0,50.206,50.206,0,1,573
8-5-20-0.8,200,20,278,418,0.1,0,0.0,0.0,69.544,69.544,0,1,543,0.1,0,0.0,0.0,69.544,69.544,0,1,585
9-5-20-0.8,200,40,302,502,0.6,6,0.0,0.3,117.076,117.076,0,1,908,0.4,2,0.0,0.0,117.076,117.076,0,1,705
10-5-20-0.8,200,67,328,900,1.2,7,0.0,0.8,157.131,157.131,0,1,1285,0.2,3,0.0,0.0,157.131,157.131,0,1,824
11-5-20-0.8,300,5,534,2358,0.2,0,0.0,0.0,61.632,61.632,0,1,869,0.2,0,0.0,0.0,61.632,61.632,0,1,938
12-5-20-0.8,300,10,474,1654,0.2,0,0.0,0.0,79.252,79.252,0,1,890,0.2,0,0.0,0.0,79.252,79.252,0,1,1006
13-5-20-0.8,300,30,500,2004,3.1,20,0.0,0.9,151.101,151.101,0,1,1580,1.3,3,0.0,0.0,151.101,151.101,0,1,1380
14-5-20-0.8,300,60,502,1586,3.2,50,0.0,<0.1,203.813,203.813,0,1,1880,0.5,3,0.0,0.0,203.813,203.813,0,1,1496
15-5-20-0.8,300,100,518,2000,9.6,272,0.0,0.6,244.777,244.777,0,1,1858,0.7,37,0.0,0.5,244.777,244.777,0,1,1572
16-5-20-0.8,400,5,874,6918,0.7,0,0.0,0.0,105.842,105.842,0,1,1581,0.3,0,0.0,0.0,105.842,105.842,0,1,1660
17-5-20-0.8,400,10,840,5902,1.1,6,0.0,<0.1,143.630,143.630,0,1,1657,0.5,0,0.0,0.0,143.630,143.630,0,1,1886
18-5-20-0.8,400,40,738,4070,17.9,436,0.0,0.3,230.275,230.275,0,1,2950,1.9,20,0.0,<0.1,230.275,230.275,0,1,2483
19-5-20-0.8,400,80,816,4932,36.5,445,0.0,0.1,312.679,312.679,0,1,3439,1.5,55,0.0,<0.1,312.679,312.679,0,1,2780
20-5-20-0.8,400,133,760,4170,51.8,580,0.0,1.1,357.998,357.998,0,1,3210,6.0,123,0.0,1.0,357.998,357.998,0,1,2468
21-5-20-0.8,500,5,1186,12832,3.5,0,0.0,0.0,143.190,143.190,0,1,1826,1.1,0,0.0,0.0,143.190,143.190,0,1,1952
22-5-20-0.8,500,10,1090,9960,4.7,51,0.0,2.0,171.225,171.225,0,1,3002,5.1,15,0.0,0.1,171.225,171.225,0,1,3057
23-5-20-0.8,500,50,1196,11222,69.7,885,0.0,0.5,346.943,346.943,0,1,4914,5.2,17,0.0,<0.1,346.943,346.943,0,1,3598
24-5-20-0.8,500,100,1174,11328,TL,109105,<0.1,0.2,422.368,422.440,0,1,7379,11.8,287,0.0,<0.1,422.368,422.368,0,1,3794
25-5-20-0.8,500,167,1258,13962,111.5,432,0.0,1.2,470.463,470.463,0,1,3440,7.5,156,0.0,1.2,470.463,470.463,0,1,3167
26-5-20-0.8,600,5,1706,30160,10.9,64,0.0,3.9,206.886,206.886,0,1,5330,13.9,11,0.0,0.2,206.886,206.886,0,1,4644
27-5-20-0.8,600,10,1764,32768,124.2,1104,0.0,2.3,278.786,278.786,0,1,10143,17.8,105,0.0,0.8,278.786,278.786,0,1,6537
28-5-20-0.8,600,60,1716,33584,TL,45079,0.3,1.1,472.487,473.775,0,1,14205,209.3,1696,0.0,0.4,472.578,472.578,0,1,6821
29-5-20-0.8,600,120,1714,28968,TL,45701,0.1,1.0,536.967,537.528,0,1,8982,39.0,733,0.0,0.8,537.051,537.051,0,1,4193
30-5-20-0.8,600,200,1570,21010,559.5,4957,0.0,0.7,577.397,577.397,0,1,3884,28.4,1543,0.0,0.7,577.397,577.397,0,1,3597
31-5-20-0.8,700,5,2542,64420,40.5,144,0.0,2.7,290.581,290.581,0,1,8641,20.1,41,0.0,1.2,290.581,290.581,0,1,6222
32-5-20-0.8,700,10,2218,50474,104.5,370,0.0,2.1,340.813,340.813,0,1,11763,22.1,29,0.0,0.3,340.813,340.813,0,1,5762
33-5-20-0.8,700,70,2268,49250,TL,11943,0.3,0.6,581.766,583.442,0,1,17415,183.2,2655,0.0,0.3,581.924,581.924,0,1,6153
34-5-20-0.8,700,140,2450,58282,743.6,5011,0.0,0.8,653.349,653.349,0,1,7145,12.7,34,0.0,0.7,653.349,653.349,0,1,3167
35-5-20-0.8,800,5,3424,143422,133.0,175,0.0,3.3,403.506,403.506,0,1,14220,20.9,47,0.0,1.2,403.506,403.506,0,1,6488
36-5-20-0.8,800,10,3052,91980,TL,31928,1.3,3.9,426.057,431.446,0,1,38162,440.2,692,0.0,2.1,427.424,427.424,0,1,12048
37-5-20-0.8,800,80,2762,71842,TL,9889,0.3,0.8,682.997,684.831,0,1,16066,1474.4,71184,0.0,0.3,683.418,683.418,0,1,7314
38-5-20-0.8,900,5,4520,224438,580.6,475,0.0,3.9,490.736,490.736,0,1,26287,90.1,106,0.0,1.7,490.736,490.736,0,1,10907
39-5-20-0.8,900,10,4450,227826,TL,11465,0.8,2.5,592.560,597.623,0,1,37289,135.4,214,0.0,0.8,592.560,592.560,0,1,10480
40-5-20-0.8,900,90,3552,140956,TL,11338,<0.1,0.4,801.021,801.742,0,1,14512,139.4,859,0.0,0.2,801.052,801.052,0,1,5430

